article_id,title,author,issue_url,pdf_url
10.1097/FM9.0000000000000293,A Century of Legacy: Charting New Frontiers in Maternal-Fetal Medicine,Hongbo Qi,https://mednexus.org/toc/mfm/07/04,https://mednexus.org/doi/pdf/10.1097/FM9.0000000000000293?download=true
10.1097/FM9.0000000000000307,Development and Future Perspectives of Obstetric Intensive Care Units in China,Fang HeandDunjin Chen,https://mednexus.org/toc/mfm/07/04,https://mednexus.org/doi/pdf/10.1097/FM9.0000000000000307?download=true
10.1097/FM9.0000000000000311,"Effects of Low Molecular Weight Heparin on Early Pregnancy Loss in Women With Polycystic
                     Ovary Syndrome","Fanglan Luo,Qinsheng Lu,Wei Wei,Yingmei Cen,Yinchun Huang,Shuang Qin,Chunjiao Wei,Gendie E Lash,Li Li",https://mednexus.org/toc/mfm/07/04,https://mednexus.org/doi/pdf/10.1097/FM9.0000000000000311?download=true
10.1097/FM9.0000000000000309,Customized Birthweight Standard for the Population in the Republic of Kazakhstan,"Meruyert Sharipova,Gulyash Tanysheva,Khalida Sharipova,Bologan Ion,Aizhan Shakhanova",https://mednexus.org/toc/mfm/07/04,https://mednexus.org/doi/pdf/10.1097/FM9.0000000000000309?download=true
10.1097/FM9.0000000000000313,"Multicenter Retrospective Evaluation of the Chinese Expert Consensus Scoring System
                     for the Diagnosis of Obstetrical DIC","Jianjian Cui,Ziyang Liu,Wencong He,Ruifen Su,Ruilin Ma,Hui Tao,Zejun Yang,Lei Sun,Shaoqi Chen,Yanan Li,Zhishan Jin,Yin Zhao",https://mednexus.org/toc/mfm/07/04,https://mednexus.org/doi/pdf/10.1097/FM9.0000000000000313?download=true
10.1097/FM9.0000000000000306,Termination Processes of Pregnancies Due to Intrauterine Mort Fetus and Fetal Anomaly,Tugba AkcaogluandElif Ciler Eren,https://mednexus.org/toc/mfm/07/04,https://mednexus.org/doi/pdf/10.1097/FM9.0000000000000306?download=true
10.1097/FM9.0000000000000314,"Dissecting Vasopressor Efficacy in the Management of Maternal Hypotension in Preeclamptic
                     Cesarean Delivery: A Systematic Review of Randomized Controlled Trials","Made Favian Budi Gunawan,Cindy Thiovany Soetomo,Richard Richard,Putu Bagus Darmayasa,Arresta Vitasatria Suastika",https://mednexus.org/toc/mfm/07/04,https://mednexus.org/doi/pdf/10.1097/FM9.0000000000000314?download=true
10.1097/FM9.0000000000000301,"First Trimester Ultrasound Soft Markers in a Fetus: Genetic Associations and Diagnostic
                     Implications",Mishu ManglaandNaina Kumar,https://mednexus.org/toc/mfm/07/04,https://mednexus.org/doi/pdf/10.1097/FM9.0000000000000301?download=true
10.1097/FM9.0000000000000285,"Vaginal Bleeding After Pregnancy: Progesterone Levels and Pregnancy Outcomes in the
                     First Trimester","Zhuo Ren,Xinping Sun,Zhi Li,Huixia Yang",https://mednexus.org/toc/mfm/07/04,https://mednexus.org/doi/pdf/10.1097/FM9.0000000000000285?download=true
10.1097/FM9.0000000000000298,Clinical Observation of a Rare Binder Phenotype With Fetal Overgrowth Due to aSPIN4Mutation,"Noopur Chawla,Meenakshi Rajput,Rhea Shriyan,Sumitra Bachani,Aprajita Gupta",https://mednexus.org/toc/mfm/07/04,https://mednexus.org/doi/pdf/10.1097/FM9.0000000000000298?download=true
10.1097/FM9.0000000000000251,Serum SARS-CoV-2-Specific Antibodies and Neutralization Capacity Following Vaccination,"Long Nguyen-Hoang,Maran BW Leung,Hillary YH Leung,Sakita Moungmaithong,Angela ST Tai,Chi Chiu Wang,Wing Cheong Leung,Liona C Poon",https://mednexus.org/toc/mfm/07/04,https://mednexus.org/doi/pdf/10.1097/FM9.0000000000000251?download=true
10.1097/FM9.0000000000000300,Stage IV Pancreatic Adenocarcinoma in Pregnancy,"Shelby Masters,Shihyun Kim,Elena Moses,Ashelee Mcmanaman,Bipin Ghimire,Gregory Goyert",https://mednexus.org/toc/mfm/07/04,https://mednexus.org/doi/pdf/10.1097/FM9.0000000000000300?download=true
10.1097/FM9.0000000000000290,"It Is Time We Include Leadership Education and Experiences in MFM Training and Lifelong
                     Learning",Cheryl A. MoyerandTimothy R B Johnson,https://mednexus.org/toc/mfm/07/03,https://mednexus.org/doi/pdf/10.1097/FM9.0000000000000290?download=true
10.1097/FM9.0000000000000292,"Yinzhihuang Oral Liquid Alleviates Intrahepatic Cholestasis of Pregnancy: Integrated
                     Bioinformatics and Experimental Mechanistic Insight","Ting Liu,Xinrun Zhuang,Wei Gu,Wei Liu,Jin Zhang,Weijian Zeng",https://mednexus.org/toc/mfm/07/03,https://mednexus.org/doi/pdf/10.1097/FM9.0000000000000292?download=true
10.1097/FM9.0000000000000291,"Validation of Risk Scoring Systems in Predicting Adverse Cardiac Outcomes in Pregnant
                     Women With Valvular Heart Disease","Malini Sukayogula,Tarakeswari Surapaneni,Anish Keepanasseril",https://mednexus.org/toc/mfm/07/03,https://mednexus.org/doi/pdf/10.1097/FM9.0000000000000291?download=true
10.1097/FM9.0000000000000287,Genetic Analysis of Prenatal Renal Abnormalities in 17q12 Microdeletion Syndrome,"Yongmei Shen,Yaqi Li,Xiaomin Zhao,Lei Zhang,Liying Yao,Jiasong Cao,Qimei Lin,Hefei Wang,Maolin Nie,Rongxin Wei,Ying Chang",https://mednexus.org/toc/mfm/07/03,https://mednexus.org/doi/pdf/10.1097/FM9.0000000000000287?download=true
10.1097/FM9.0000000000000276,"Intergenerational Associations of Hypertensive Disorders of Pregnancy With Offspring
                     Metabolomics: A Systematic Review","Jinrui Xiong,Ling-Jun Li,Yongping Zhang,Zhihong Zhang,Yue Yang,Huan Hu,Jinhong Liu,Zimeng Chen,Peng Huang,Mengjiao Liu",https://mednexus.org/toc/mfm/07/03,https://mednexus.org/doi/pdf/10.1097/FM9.0000000000000276?download=true
10.1097/FM9.0000000000000296,"The Classification, Prenatal Diagnosis and Perinatal Treatment of Fetal Lingual Lesions","Shuangping Liu,Mingxing Zhang,Qiongjie Zhou,Yu Xiong",https://mednexus.org/toc/mfm/07/03,https://mednexus.org/doi/pdf/10.1097/FM9.0000000000000296?download=true
10.1097/FM9.0000000000000288,Infection-Related Preterm Birth,"Shangrong Fan,Qing Li,Qiaoli Feng,Pingyue Zhao,Xiaowei Zhang",https://mednexus.org/toc/mfm/07/03,https://mednexus.org/doi/pdf/10.1097/FM9.0000000000000288?download=true
10.1097/FM9.0000000000000295,"Cardiac Catheterization for Spontaneous Coronary Artery Dissection and Ventricular
                     Fibrillation in Late Pregnancy","Hooman A. Azad,Marie-Julie Trahan,Monica Allen,Barry Fine,John G. Ilagan",https://mednexus.org/toc/mfm/07/03,https://mednexus.org/doi/pdf/10.1097/FM9.0000000000000295?download=true
10.1097/FM9.0000000000000274,Severe Intrauterine Adhesions Following Modified B-Lynch Procedure,Ye FengandHui Bi,https://mednexus.org/toc/mfm/07/03,https://mednexus.org/doi/pdf/10.1097/FM9.0000000000000274?download=true
10.1097/FM9.0000000000000278,Delayed Interval Delivery of the Twin,"Zongxin Sun,Xin Lyu,Chunlei Tian,Lumei Chen,Yuhong Wang,Hao Feng",https://mednexus.org/toc/mfm/07/03,https://mednexus.org/doi/pdf/10.1097/FM9.0000000000000278?download=true
10.1097/FM9.0000000000000294,Catecholaminergic Polymorphic Ventricular Tachycardia in a Pregnant Woman,"Kuky Cahya Hamurajib,Giovanna Renee Tan,Priyo Eko Hedi Herlambang,Diah Rumekti Hadiati",https://mednexus.org/toc/mfm/07/03,https://mednexus.org/doi/pdf/10.1097/FM9.0000000000000294?download=true
10.1097/FM9.0000000000000289,"Balancing Breastfeeding and HIV Management in Africa: Addressing the Challenges of
                     Mother-to-Child Transmission","Patrick Ashinze,Egbunu Emmanuel,Eniola Obafemi,Eniola Akande,Elelu Muhammed,Aremu Sikiru,Bonu Innocent,Ifuekosa Uhumuavbi,Nelson Mafua,Ndubuisi Joyce,Onwuasoeze Chigozie,Jonathan Adeola,Oluwadamilare Olatunbosun,Esele Ekuaze,Ahmed Adeshina",https://mednexus.org/toc/mfm/07/03,https://mednexus.org/doi/pdf/10.1097/FM9.0000000000000289?download=true
10.1097/FM9.0000000000000284,Advancing Maternal and Fetal Medicine in Low- and Middle-Income Countries,Cuilin ZhangandHuixia Yang,https://mednexus.org/toc/mfm/07/02,https://mednexus.org/doi/pdf/10.1097/FM9.0000000000000284?download=true
10.1097/FM9.0000000000000273,How to Develop Leadership in Academic Medicine: Lessons From the PAWLHS Program,Lian Chen,https://mednexus.org/toc/mfm/07/02,https://mednexus.org/doi/pdf/10.1097/FM9.0000000000000273?download=true
10.1097/FM9.0000000000000266,"Ibuprofen Oral Administration Protocols for Analgesia After Cesarean Delivery: A Prospective
                     Randomized Controlled Study","Shuang Li,Ju Bao,Yuan Qu,Bo Zhang,Xinni Cao,Yanping Huang,Zhe Liu",https://mednexus.org/toc/mfm/07/02,https://mednexus.org/doi/pdf/10.1097/FM9.0000000000000266?download=true
10.1097/FM9.0000000000000281,"Understanding Anemia and Predictors of Adverse Maternal and Neonatal Outcomes: A Multicenter
                     Prospective Cohort Study in Southern Ethiopia","Sisay Moges,Sintayehu Kussa,Ashebir Endale,Bereket Aberham Lajore,Dejene Ermias Mekango",https://mednexus.org/toc/mfm/07/02,https://mednexus.org/doi/pdf/10.1097/FM9.0000000000000281?download=true
10.1097/FM9.0000000000000272,Alternative Splicing in Embryo Implantation,"Luping Yu,Sijing Zhu,Haili Bao,Shuangbo Kong",https://mednexus.org/toc/mfm/07/02,https://mednexus.org/doi/pdf/10.1097/FM9.0000000000000272?download=true
10.1097/FM9.0000000000000265,Intrauterine Transfusion Navigates Severe Fetal Anemia due to Anti-Jkb,Ruxiu GeandXiaoxia Wu,https://mednexus.org/toc/mfm/07/02,https://mednexus.org/doi/pdf/10.1097/FM9.0000000000000265?download=true
10.1097/FM9.0000000000000279,"Factors Behind Decreased Red Cell Antibody and Hemolytic Disease of Fetus and Newborn
                     Rates: Single Center Experience","Slavica Dajak,Anet Papazovska,Jelena Lukacevic,Ivica Bradaric,Paula Odak,Dejana Bogdanic",https://mednexus.org/toc/mfm/07/02,https://mednexus.org/doi/pdf/10.1097/FM9.0000000000000279?download=true
10.1097/FM9.0000000000000268,Pregnancy Loss Caused by Repeated Unexplained Infections in the Second Trimester,"Liping Shui,Jia Liu,Lin Tang,Guolin He",https://mednexus.org/toc/mfm/07/02,https://mednexus.org/doi/pdf/10.1097/FM9.0000000000000268?download=true
10.1097/FM9.0000000000000267,"Successful Pregnancy in Woman With Hyperprolactinemia Associated With Hemorrhagic
                     Giant Craniopharyngioma","Kuky Cahya Hamurajib,Giovanna Renee Tan,Diah Rumekti Hadiati",https://mednexus.org/toc/mfm/07/02,https://mednexus.org/doi/pdf/10.1097/FM9.0000000000000267?download=true
10.1097/FM9.0000000000000283,"Protein S Deficiency in Pregnancy, What Best Management at Satellite Hospital in Low-Middle
                     Income Countries?","Qurrata Akyuni,Muhamad Fachry,SR Dwiningsih,Budi Prasetyo,MIA Akbar",https://mednexus.org/toc/mfm/07/02,https://mednexus.org/doi/pdf/10.1097/FM9.0000000000000283?download=true
10.1097/FM9.0000000000000258,"Crisis at Birth: Confronting Unconventional Practices for Maternal and Neonatal Well-being
                     in the Hinterlands of Africa","Patrick Ashinze,Eniola Obafemi,Elelu Muhammed,Aremu Sikiru Ademola,Nelson Mafua,Olajuwon Tolulope,Lawal Qudus",https://mednexus.org/toc/mfm/07/02,https://mednexus.org/doi/pdf/10.1097/FM9.0000000000000258?download=true
10.1097/FM9.0000000000000277,EBF3 Gene-Related Fetal Phenotypes,"Yuxia He,Jing Zhao,Jin Wang,Shengfang Qin,Zhuo Zhang,Yan Yin,Mengjia Yan,Yitong Zhao,Fengqiu Deng,Xueyan Wang",https://mednexus.org/toc/mfm/07/02,https://mednexus.org/doi/pdf/10.1097/FM9.0000000000000277?download=true
10.1097/FM9.0000000000000244,Traumatic Spinal Cord Injury Combined With Pregnancy,"Ye Feng,Huixia Yang,Yu Sun",https://mednexus.org/toc/mfm/07/02,https://mednexus.org/doi/pdf/10.1097/FM9.0000000000000244?download=true
10.1097/FM9.0000000000000271,"Prenatal Diagnosis of Okur-Chung Syndrome: Ultrasound Findings and Implications of
                     CSNK2A1 and KCNQ5 Variants","Chiara Kratochwila,Joanna Sichitiu,Sébastien Lebon,Camille Kumps,Léo Pomar",https://mednexus.org/toc/mfm/07/02,https://mednexus.org/doi/pdf/10.1097/FM9.0000000000000271?download=true
10.1097/FM9.0000000000000269,Managing the Unknown: A Case of Listeria Monocytogenes in Pregnancy,Megan E. KalataandAshley Pak,https://mednexus.org/toc/mfm/07/02,https://mednexus.org/doi/pdf/10.1097/FM9.0000000000000269?download=true
10.1097/FM9.0000000000000275,Neural Tube Defects in Fetus Exposed to Valproate,"Shreya Tapadia,Shubham Rajendra Ghorpade,Varun Singh,Yogendera Pishorilal Sachdev,Gurbaksh Singh Soni",https://mednexus.org/toc/mfm/07/02,https://mednexus.org/doi/pdf/10.1097/FM9.0000000000000275?download=true
10.1097/FM9.0000000000000282,Reassessment ofMTRRrs1801394 Polymorphism and Neural Tube Defects Risk,Jethendra Kumar MurugananthamandRamakrishnan Veerabathiran,https://mednexus.org/toc/mfm/07/02,https://mednexus.org/doi/pdf/10.1097/FM9.0000000000000282?download=true
10.1097/FM9.0000000000000280,"Assessment of Contraceptive Knowledge and Attitude Among Primiparous Women in a Postnatal
                     Ward in India","P Sadhika,K P Vasanthakumari,V S Bini,Jaimie T Jacob,S Lakshmi Vinodh",https://mednexus.org/toc/mfm/07/02,https://mednexus.org/doi/pdf/10.1097/FM9.0000000000000280?download=true
10.1097/FM9.0000000000000286,Maternal Health Services in Rural South Africa: Challenges and Opportunities for Improvement,Simbarashe MagaisaandNirmala Dorasamy,https://mednexus.org/toc/mfm/07/02,https://mednexus.org/doi/pdf/10.1097/FM9.0000000000000286?download=true
10.1097/FM9.0000000000000264,Postpartum Hemorrhage: From Intervention to Prevention,Xinyu ShuandHuixia Yang,https://mednexus.org/toc/mfm/07/01,https://mednexus.org/doi/pdf/10.1097/FM9.0000000000000264?download=true
10.1097/FM9.0000000000000255,"Quantitative Validation of Hematocrit Percentage Drop Cutoff Points in Postpartum
                     Hemorrhage: An Automated Gravimetric Approach","Venance Basil Kway,José Enrique Calacuayo Rojas,Josué Sidonio Rodríguez Cuevas,Ursula Medina Moreno,José Sergio Camacho Juárez,Jorge Francisco Ayala González,Karla Krebs Larraga,Ilse Veronica Castro Martinez,Roberto Arturo Castillo Reyther,Antonio Gordillo Moscoso",https://mednexus.org/toc/mfm/07/01,https://mednexus.org/doi/pdf/10.1097/FM9.0000000000000255?download=true
10.1097/FM9.0000000000000263,Identification of a Fetal De Novo Splice Variant inARCN1Associated With Growth and Skeletal Abnormalities,"Wencong He,Zejun Yang,Jianjian Cui,Ruilin Ma,Hui Tao,Yanan Li,Yin Zhao",https://mednexus.org/toc/mfm/07/01,https://mednexus.org/doi/pdf/10.1097/FM9.0000000000000263?download=true
10.1097/FM9.0000000000000241,"Diagnostic Accuracy of Magnetic Resonance Imaging in the Diagnosis of Placenta Accreta
                     Spectrum: A Systematic Review and Meta-analysis","Suzi AbdelAziz,Nour A. El-Goly,Ahmed M. Maged,Nehal Bassiouny,Nihal El-Demiry,Ahmed Shamel",https://mednexus.org/toc/mfm/07/01,https://mednexus.org/doi/pdf/10.1097/FM9.0000000000000241?download=true
10.1097/FM9.0000000000000257,Artificial Intelligence and Postpartum Hemorrhage,"Sam J Mathewlynn,Mohammadreza Soltaninejad,Sally L Collins",https://mednexus.org/toc/mfm/07/01,https://mednexus.org/doi/pdf/10.1097/FM9.0000000000000257?download=true
10.1097/FM9.0000000000000256,Recognition and Management of Postpartum Hemorrhage,Tasabih Ali EL Hassan MohamedandEdwin Chandraharan,https://mednexus.org/toc/mfm/07/01,https://mednexus.org/doi/pdf/10.1097/FM9.0000000000000256?download=true
10.1097/FM9.0000000000000261,Postpartum Hemorrhage,Michelle J. WangandYinka Oyelese,https://mednexus.org/toc/mfm/07/01,https://mednexus.org/doi/pdf/10.1097/FM9.0000000000000261?download=true
10.1097/FM9.0000000000000260,Aortic Dissection Postpartum Without Common Risk Factors Except Pregnancy,"Xin Yuan,Dongmei Tang,Xiaohui Wu,Dan Luo",https://mednexus.org/toc/mfm/07/01,https://mednexus.org/doi/pdf/10.1097/FM9.0000000000000260?download=true
10.1097/FM9.0000000000000259,Maternal and Neonatal Outcomes in COVID-19-Positive Pregnant Women,"Mahnaz Seifi Alan,Elmira Jafari Afshar,Parham Samimisedeh,Somaye Moghadam,Mahya Dorri,Bita Badehnoosh,Maedeh Jahansooz,Hadith Rastad",https://mednexus.org/toc/mfm/07/01,https://mednexus.org/doi/pdf/10.1097/FM9.0000000000000259?download=true
10.1097/FM9.0000000000000262,"Clinical Observation on Orbital Teratoma of Delleman Syndrome Diagnosed by Fetal MRI
                     Without Cutaneous Manifestations","Dewi Asih,Utami Purbasari,Gatot Abdurrazak,Audrina Ernes",https://mednexus.org/toc/mfm/07/01,https://mednexus.org/doi/pdf/10.1097/FM9.0000000000000262?download=true
10.1097/01.fm9.0001097464.23965.7a,Instructions For Authors,无作者,https://mednexus.org/toc/mfm/07/01,https://mednexus.org/doi/pdf/10.1097/01.fm9.0001097464.23965.7a?download=true
10.1097/FM9.0000000000000243,"Breast Milk Application as a Natural Method for Umbilical Cord Care: A Community-Label
                     3-Arm Pilot Clinical Trial","Bekalu Kassie Alemu,Leltework Yismaw Wondimagegn,Yibelu Bazezew,Tewachew Muche Liyeh,Abebaw Abeje Muluneh,Gedefaye Nibret Mihretie,Alekaw Sema,Melese Linger Endalifer,Getnet Gedefaw Azeze,Gashaw Garedew Woldeamanuel,Kenean Getaneh Tlaye,…See all authors",https://mednexus.org/toc/mfm/06/04,https://mednexus.org/doi/pdf/10.1097/FM9.0000000000000243?download=true
10.1097/FM9.0000000000000242,Quantifying the Accuracy of Clinician Risk Assessment for Postpartum Hemorrhage,"Ashley N. Lewis,Diego Villela-Franyutti,Henry J. Domenico,Daniel W. Byrne,Michaela K. Farber,Holly B. Ende",https://mednexus.org/toc/mfm/06/04,https://mednexus.org/doi/pdf/10.1097/FM9.0000000000000242?download=true
10.1097/FM9.0000000000000248,"Hierarchical Classification of Factors Associated With Noninvasive Prenatal Testing
                     Failures and Its Impact on Pregnancy Outcomes","Jieqiong Xie,Yu Jiang,Yulin Zhou,Dandan Jin,Xingxiu Lu,Yunsheng Ge",https://mednexus.org/toc/mfm/06/04,https://mednexus.org/doi/pdf/10.1097/FM9.0000000000000248?download=true
10.1097/FM9.0000000000000245,"Effect of Nurse-Assisted Early Warning Intervention for Prevention of Venous Thromboembolism
                     Following Cesarean Delivery","Bichao Wan,Dongying Fu,Shijiang Chen,Fuying Tao,Jianan Jiang,Yingying Tian",https://mednexus.org/toc/mfm/06/04,https://mednexus.org/doi/pdf/10.1097/FM9.0000000000000245?download=true
10.1097/FM9.0000000000000253,"Extrauterine Causes of Severe and Concealed Postpartum Bleeding: Clinical Aspects
                     and Challenges","JM Palacios-Jaraquemada,AJ Nieto-Calvache,AN Basanta",https://mednexus.org/toc/mfm/06/04,https://mednexus.org/doi/pdf/10.1097/FM9.0000000000000253?download=true
10.1097/FM9.0000000000000252,"Postpartum Glucose Follow-up Screening Among Women With Gestational Diabetes Mellitus:
                     A Retrospective Cohort Study","Jiani Zhang,Tingting Xu,Qi Cao,Chihui Mao,Fan Zhou,Xiaodong Wang",https://mednexus.org/toc/mfm/06/04,https://mednexus.org/doi/pdf/10.1097/FM9.0000000000000252?download=true
10.1097/FM9.0000000000000227,"Sensitivity of miRNA-181a, miRNA-23b and miRNA-16 in the Late-Onset Neonatal Sepsis:
                     A Diagnostic Study","Divya Katta,Kopula Satyamoorthy Sridharan,Uma Maheswari Balakrishnan,Prakash Amboiram,Kennedy Kumar",https://mednexus.org/toc/mfm/06/04,https://mednexus.org/doi/pdf/10.1097/FM9.0000000000000227?download=true
10.1097/FM9.0000000000000239,"Successful Delivery After Myomectomy for Spontaneous Ruptured Pyomyoma: A Case Report
                     and Literature Review","Qian Zhou,Yi Yu,Juntao Liu,Jinsong Gao,Yijun Song,Yin Sun,Qi Guo",https://mednexus.org/toc/mfm/06/04,https://mednexus.org/doi/pdf/10.1097/FM9.0000000000000239?download=true
10.1097/FM9.0000000000000249,"When Giant Lymphangioma Meets Hydrops Fetalis: An Uncommon Case Report of Lower Extremity
                     Involvement","Ariana Marie Martin,Andrea Paola Sanchez-Cantu,Andrea Cantu-Rodriguez,Raul Martinez-Salinas,Jesus Damian Valdez-Bocanegra",https://mednexus.org/toc/mfm/06/04,https://mednexus.org/doi/pdf/10.1097/FM9.0000000000000249?download=true
10.1097/FM9.0000000000000250,"Blended Phenotypes From aSERPINA 11Pathogenic Variant Over Underlying Immune Fetal Hydrops: A Rare Case Report and Literature
                     Review","Manisha M. Beck,Noel D. Luke,Reena Sakte Anand,Preethi Navaneethan,Rekha Athiyarath,Sumita Danda",https://mednexus.org/toc/mfm/06/04,https://mednexus.org/doi/pdf/10.1097/FM9.0000000000000250?download=true
10.1097/FM9.0000000000000247,Digoxin for Fetal Tachyarrhythmia: Toxicity in an Underweight Mother,"Jian Lynn Lee,Hannah Abdul Halim,Amelia Alias,Pavithira Subramaniam,Buvanes Chelliah",https://mednexus.org/toc/mfm/06/04,https://mednexus.org/doi/pdf/10.1097/FM9.0000000000000247?download=true
10.1097/FM9.0000000000000246,Pregnancy With Wilson’s Disease,"Meng Jin,Lihong Zhou,Chunfang Lu",https://mednexus.org/toc/mfm/06/04,https://mednexus.org/doi/pdf/10.1097/FM9.0000000000000246?download=true
10.1097/FM9.0000000000000232,"Prenatal Diagnosis of Fukuyama Congenital Muscular Dystrophy by Optical Genomic Mapping
                     in a Chinese Family","Jia Zhou,Hui Xiong,Jingmin Yang,Xiaona Fu,Luming Sun",https://mednexus.org/toc/mfm/06/03,https://mednexus.org/doi/pdf/10.1097/FM9.0000000000000232?download=true
10.1097/FM9.0000000000000230,"An Imperative Role of Fetal Autopsy in Previable Fetuses - Amniotic Deformity Adhesions,
                     Mutilations Complex","Harini Devi JKA,Nidhya Ganesan,Umamaheswari Gurusamy",https://mednexus.org/toc/mfm/06/03,https://mednexus.org/doi/pdf/10.1097/FM9.0000000000000230?download=true
10.1097/FM9.0000000000000236,"Deep Learning in Predicting Preterm Birth: A Comparative Study of Machine Learning
                     Algorithms","Fangchao Zhang,Lingling Tong,Chen Shi,Rui Zuo,Liwei Wang,Yan Wang",https://mednexus.org/toc/mfm/06/03,https://mednexus.org/doi/pdf/10.1097/FM9.0000000000000236?download=true
10.1097/FM9.0000000000000231,Assessing Coarctation of the Aorta With Fetal Heart Quantification Technology,"Jiaojiao Yang,Fang Tan,Yuqin Shen,Yuan Zhao,Yan Xia,Sihan Fan,Xueqin Ji",https://mednexus.org/toc/mfm/06/03,https://mednexus.org/doi/pdf/10.1097/FM9.0000000000000231?download=true
10.1097/FM9.0000000000000234,"A Registry-Based Observational Study on the Maternal and Fetal Outcomes of COVID-19
                     Patients in Hong Kong","Hillary HY Leung,Teresa WL Ma,Florrie NY Yu,Meliza CW Kong,Tsz Kin Lo,Pauline PL So,Wing-Cheong Leung,Wendy Shu,Ka Wang Cheung,Sakita Moungmaithong,Chi Chiu Wang,Liona C. Poon",https://mednexus.org/toc/mfm/06/03,https://mednexus.org/doi/pdf/10.1097/FM9.0000000000000234?download=true
10.1097/FM9.0000000000000240,"Unique Ultrastructural Alterations in the Placenta Associated With Macrosomia Induced
                     by Gestational Diabetes Mellitus","Junxiang Wei,Tianyu Dong,Mingxia Chen,Xiao Luo,Yang Mi",https://mednexus.org/toc/mfm/06/03,https://mednexus.org/doi/pdf/10.1097/FM9.0000000000000240?download=true
10.1097/FM9.0000000000000238,Detection of an 8p23.1 Inversion Using High-Resolution Optical Genome Mapping,"Chunxiang Zhou,Huijun Li,Yiyan Shi,Linlin He,Honglei Duan,Jie Li",https://mednexus.org/toc/mfm/06/03,https://mednexus.org/doi/pdf/10.1097/FM9.0000000000000238?download=true
10.1097/FM9.0000000000000235,"Erratum to Wernicke-Korsakoff Syndrome From Hyperemesis Gravidarum. Volume 6, Issue
                     1, January 2024",无作者,https://mednexus.org/toc/mfm/06/03,https://mednexus.org/doi/pdf/10.1097/FM9.0000000000000235?download=true
10.1097/FM9.0000000000000237,Antenatal Noninvasive Fetal Electrocardiography: A Literature Review,"Claire Pegorie,Becky Liu,Basky Thilaganathan,Amar Bhide",https://mednexus.org/toc/mfm/06/03,https://mednexus.org/doi/pdf/10.1097/FM9.0000000000000237?download=true
10.1097/FM9.0000000000000226,"Congenital Disseminated Pyogenic Granuloma: A Case With Numerous Mucocutaneous and
                     Visceral Lesions","Siavash Ghaderi-Sohi,Behnaz Moradi,Mahboobeh Shirazi,Rahil Rahimi,Romina Ravanbakhsh,Ariana Kariminejad,Elham Feizabad",https://mednexus.org/toc/mfm/06/03,https://mednexus.org/doi/pdf/10.1097/FM9.0000000000000226?download=true
10.1097/FM9.0000000000000233,"Fetal Urinary Obstruction and Intervention for Sacrococcygeal Teratoma: A Case Report
                     From Kenya","Maryanne Muthoni Mwangi,Sikolia Wanyonyi,Stanley Mugambi",https://mednexus.org/toc/mfm/06/03,https://mednexus.org/doi/pdf/10.1097/FM9.0000000000000233?download=true
10.1097/FM9.0000000000000229,Sudden Collapse of a Newborn Infant Following Delivery Complicated by Shoulder Dystocia,Shabih Manzar,https://mednexus.org/toc/mfm/06/03,https://mednexus.org/doi/pdf/10.1097/FM9.0000000000000229?download=true
10.1097/FM9.0000000000000213,Making Elimination of Perinatal Hepatitis B Infection a Reality: The Chinese Contribution,"Jie Tang,Kuanhui Xiang,Yi-Hua Zhou",https://mednexus.org/toc/mfm/06/02,https://mednexus.org/doi/pdf/10.1097/FM9.0000000000000213?download=true
10.1097/FM9.0000000000000220,"The Impact of an Evidence-Based Bundle on Cesarean Section-Related Surgical Site Infections:
                     A Randomized Clinical Trial","Aditya Gan,Romana Khursheed,Mahadevi Savanur,Anita Dalal,Arif Maldar",https://mednexus.org/toc/mfm/06/02,https://mednexus.org/doi/pdf/10.1097/FM9.0000000000000220?download=true
10.1097/FM9.0000000000000224,"The Impact of Regular Diet Recovery on Postoperative Rehabilitation After Elective
                     Cesarean Section","Caihong Hu,Kuilin Fei,Yuelan Liu,Xiaoe Jiang,Wenjing Yong,Weishe Zhang,Ping Li",https://mednexus.org/toc/mfm/06/02,https://mednexus.org/doi/pdf/10.1097/FM9.0000000000000224?download=true
10.1097/FM9.0000000000000215,First Trimester Preeclampsia Screening and Prevention: Perspective in Chinese Mainland,"Jiao Liu,Yunyu Chen,Sin Ting Tai,Long Nguyen-Hoang,Kunping Li,Jing Lin,Xiaohong Lu,Liona C. Poon",https://mednexus.org/toc/mfm/06/02,https://mednexus.org/doi/pdf/10.1097/FM9.0000000000000215?download=true
10.1097/FM9.0000000000000222,"Retinal Vascular Imaging Application in Women’s Reproductive Health: Clinical Implications
                     and Future Directions",Beth Shi Yu LimandLing-Jun Li,https://mednexus.org/toc/mfm/06/02,https://mednexus.org/doi/pdf/10.1097/FM9.0000000000000222?download=true
10.1097/FM9.0000000000000221,"Matrix Metalloproteinase-9 in the Etiopathogenesis of Placenta Accreta Spectrum: A
                     Literature Review","Putri Mirani,Peby Maulina Lestari,Krisna Murti,Iche Andriyani Liberty,Hana Andrina,Cindy Kesty,Bella Stevanny",https://mednexus.org/toc/mfm/06/02,https://mednexus.org/doi/pdf/10.1097/FM9.0000000000000221?download=true
10.1097/FM9.0000000000000225,"A Clinical Observation Report on Prenatal Management and Postnatal Treatment of Congenital
                     Granular Cell Epulis","Feng Qin,Xiaochuan Xu,Yong Yang,Qiong Li,Ting Huang,Xiaoyan Chen,Xiaolan Chen,Yamin Liu,Gongli Chen",https://mednexus.org/toc/mfm/06/02,https://mednexus.org/doi/pdf/10.1097/FM9.0000000000000225?download=true
10.1097/FM9.0000000000000211,The Evolution of Management Strategies for Placenta Accreta Spectrum,Jingmei MaandHuixia Yang,https://mednexus.org/toc/mfm/06/02,https://mednexus.org/doi/pdf/10.1097/FM9.0000000000000211?download=true
10.1097/FM9.0000000000000217,"Fetoscopic Laser Photocoagulation for Twin-Twin Transfusion Syndrome in a Dizygotic
                     Monochorionic Twins","Huirong Tang,Chenyan Dai,Huijun Li,Xiangyu Zhu,Honglei Duan,Xian Xiao,Liang Jin,Jie Li,Mingming Zheng",https://mednexus.org/toc/mfm/06/02,https://mednexus.org/doi/pdf/10.1097/FM9.0000000000000217?download=true
10.1097/FM9.0000000000000223,"Villous Capillary Malformation and Intermediate Trophoblast Invasiveness: Histopathologic
                     Findings From Fetomaternal Hemorrhage with Gestational Choriocarcinoma","Zi Lv,Xiuyu Pan,Congmin Gu,Fen Liu,Huishu Liu",https://mednexus.org/toc/mfm/06/02,https://mednexus.org/doi/pdf/10.1097/FM9.0000000000000223?download=true
10.1097/FM9.0000000000000216,"Intrauterine Treatment of Monochorionic Triamniotic Triplet Pregnancy with Twin Reverse
                     Arterial Perfusion Sequence","Xiaomin Zhao,Yongmei Shen,Liying Yao,Lei Zhang,Shanshan Li,Wen Li,Hong Yu,Ling Chen,Ying Chang",https://mednexus.org/toc/mfm/06/02,https://mednexus.org/doi/pdf/10.1097/FM9.0000000000000216?download=true
10.1097/FM9.0000000000000219,"Optical Genome Mapping for Cryptic Chromosomal Rearrangements Identification in Clinical
                     Practice","Chunxiang Zhou,Honglei Duan,Linlin He,Huijun Li,Yiyan Shi,Jie Li",https://mednexus.org/toc/mfm/06/02,https://mednexus.org/doi/pdf/10.1097/FM9.0000000000000219?download=true
10.3760/cma.j.issn.2096-6954.2024.02.101,"Erratum to Clinical Management Guidelines for Intrahepatic Cholestasis of Pregnancy.
                     Volume 6, Issue 1, Janurary 2024",无作者,https://mednexus.org/toc/mfm/06/02,https://mednexus.org/doi/pdf/10.3760/cma.j.issn.2096-6954.2024.02.101?download=true
10.1097/FM9.0000000000000218,"Noninvasive Prenatal Testing Test Versus Chorionic Villus Sampling, Where Are We Now?",Huijing ZhangandBranko Denona,https://mednexus.org/toc/mfm/06/02,https://mednexus.org/doi/pdf/10.1097/FM9.0000000000000218?download=true
10.1097/FM9.0000000000000212,Promoting Healthy Longevity Should Start Young: A Life Course Journey,Cuilin ZhangandClaire Guivarch,https://mednexus.org/toc/mfm/06/01,https://mednexus.org/doi/pdf/10.1097/FM9.0000000000000212?download=true
10.1097/FM9.0000000000000214,"Proangiogenic Macrophage Development in Human Prenatal Stage: A Key Element in Maternal-Fetal
                     Medicine Puzzle","Xiaoyan Chen,Hao Wang,Yuanfang Zhu",https://mednexus.org/toc/mfm/06/01,https://mednexus.org/doi/pdf/10.1097/FM9.0000000000000214?download=true
10.1097/FM9.0000000000000197,"Inadvertent Laparoelytrotomy During the Second-Stage Cesarean Section: Relooking the
                     Lost Art and Proposing Surgical Management and Prevention Strategies",Krystal KohandShahul Hameed Mohamed Siraj,https://mednexus.org/toc/mfm/06/01,https://mednexus.org/doi/pdf/10.1097/FM9.0000000000000197?download=true
10.1097/FM9.0000000000000207,Clinical Management Guidelines for Intrahepatic Cholestasis of Pregnancy,"Obstetrics Group of the Gynecology and Obstetrics Branch of Chinese Medical Association;,Perinatal Medicine Branch of Chinese Medical Association;,Xinyang Yu,Huixia Yang,Hongbo Qi",https://mednexus.org/toc/mfm/06/01,https://mednexus.org/doi/pdf/10.1097/FM9.0000000000000207?download=true
10.1097/FM9.0000000000000204,"Maternal Group B Streptococcus Infection Correlates Inversely With Preeclampsia in
                     Pregnant African American Women","Keun Soo Kwon,Tzu Hsuan Cheng,Simone A. Reynolds,Jordan Zhou,Huchong Cai,Sharon Lee,Ivan Velickovic,Mudar Dalloul,David Wlody,Ming Zhang",https://mednexus.org/toc/mfm/06/01,https://mednexus.org/doi/pdf/10.1097/FM9.0000000000000204?download=true
10.1097/FM9.0000000000000208,"Chinese Population Reference Curves for Ultrasound-Measured Amniotic Fluid Deepest
                     Vertical Pocket in Dichorionic Twin Pregnancies, and Their Associations With Pregnancy
                     Outcomes","Zhengxin Lyu,Tianchen Wu,Shan Lu,Pengbo Yuan,Yangyu Zhao,Yuan Wei",https://mednexus.org/toc/mfm/06/01,https://mednexus.org/doi/pdf/10.1097/FM9.0000000000000208?download=true
10.1097/FM9.0000000000000210,"Basic Research Advances in China on Embryo Implantation, Placentation, and Parturition",Haili BaoandHaibin Wang,https://mednexus.org/toc/mfm/06/01,https://mednexus.org/doi/pdf/10.1097/FM9.0000000000000210?download=true
10.1097/FM9.0000000000000168,"Pregnancy Complicated With a Giant Pancreatic Tumor and Decompensation of Liver Cirrhosis:
                     A Case Report and Literature Review","Yi Yu,Lirong Teng,Juntao Liu,Xinyan Liu,Ping Peng,Qian Zhou,Congcong Liu",https://mednexus.org/toc/mfm/06/01,https://mednexus.org/doi/pdf/10.1097/FM9.0000000000000168?download=true
10.1097/FM9.0000000000000198,Wernicke-Korsakoff Syndrome From Hyperemesis Gravidarum,"Vaishnavi Jagat Patel,Jennifer Vu,Gisela Mercado,Sreenivas Avula,Shad Deering",https://mednexus.org/toc/mfm/06/01,https://mednexus.org/doi/pdf/10.1097/FM9.0000000000000198?download=true
10.1097/FM9.0000000000000209,"Third-Trimester Spontaneous Uterine Rupture After Ultrasound-Guided High-Intensity
                     Focused Ultrasound Therapy","Juanjuan Yang,Jiayi Zhang,Yun Shi,Jie Shui,Hongying Qian",https://mednexus.org/toc/mfm/06/01,https://mednexus.org/doi/pdf/10.1097/FM9.0000000000000209?download=true
10.1097/FM9.0000000000000196,The Persisting Value of Autopsies on Extremely Preterm Infants in the 21stCentury,Shabih Manzar,https://mednexus.org/toc/mfm/05/04,https://mednexus.org/doi/pdf/10.1097/FM9.0000000000000196?download=true
10.1097/FM9.0000000000000201,"Using the Delphi Technique to Achieve Consensus on Prevention and Treatment of Preterm
                     Single Birth in China","Taishun Li,Zhe Liu,Huixia Yang,Yali Hu",https://mednexus.org/toc/mfm/05/04,https://mednexus.org/doi/pdf/10.1097/FM9.0000000000000201?download=true
10.1097/FM9.0000000000000203,"Predicting the Risk of Preterm Birth Throughout Pregnancy Based on a Novel Transcriptomic
                     Signature","Yuxin Ran,Dongni Huang,Nanlin Yin,Yanqing Wen,Yan Jiang,Yamin Liu,Hongbo Qi",https://mednexus.org/toc/mfm/05/04,https://mednexus.org/doi/pdf/10.1097/FM9.0000000000000203?download=true
10.1097/FM9.0000000000000205,Spontaneous Preterm Birth: a Fetal-Maternal Metabolic Imbalance,Tayla Lanxner BattatandOffer Erez,https://mednexus.org/toc/mfm/05/04,https://mednexus.org/doi/pdf/10.1097/FM9.0000000000000205?download=true
10.1097/FM9.0000000000000199,"Mechanisms of Immune Tolerance and Inflammation via Gonadal Steroid Hormones in Preterm
                     Birth","Yongmei Shen,Yaqi Li,Jiasong Cao,Wen Li,Qimei Lin,Jianxi Wang,Zhuo Wei,Ying Chang",https://mednexus.org/toc/mfm/05/04,https://mednexus.org/doi/pdf/10.1097/FM9.0000000000000199?download=true
10.1097/FM9.0000000000000200,Factors of Fetal Origin in the Regulation of Labor Initiation and Preterm Birth,Longkun DingandLu Gao,https://mednexus.org/toc/mfm/05/04,https://mednexus.org/doi/pdf/10.1097/FM9.0000000000000200?download=true
10.1097/FM9.0000000000000206,"Clinical Parameters in the First 5 Minutes after Birth Have a Predictive Value for
                     Survival of Extremely Preterm Infants","Laura Torrejón-Rodríguez,Álvaro Solaz-García,Inmaculada Lara-Cantón,Alejandro Pinilla-González,Marta Aguar,Máximo Vento",https://mednexus.org/toc/mfm/05/04,https://mednexus.org/doi/pdf/10.1097/FM9.0000000000000206?download=true
10.1097/FM9.0000000000000153,How Learning from Trauma Benefits the Obstetric Population? Damage Control Surgery,"María Fernanda Escobar Vidarte,Daniela Nasner,Albaro José Nieto-Calvache,María Paula Echavarría,Javier Andrés Carvajal",https://mednexus.org/toc/mfm/05/04,https://mednexus.org/doi/pdf/10.1097/FM9.0000000000000153?download=true
10.1097/FM9.0000000000000122,Broad Ligament Pregnancy: Facing the Battle Unarmed,"Meenakshi Singh,Nihita Pandey,Ratna Biswas",https://mednexus.org/toc/mfm/05/04,https://mednexus.org/doi/pdf/10.1097/FM9.0000000000000122?download=true
10.1097/FM9.0000000000000119,Maternal Diaphragmatic Hernia Correction During Pregnancy,"Juan Sebastián Barona-Wiedmann,Mauricio Velásquez,Maria Josefa Franco,Henry Muñoz,Albaro José Nieto-Calvache",https://mednexus.org/toc/mfm/05/04,https://mednexus.org/doi/pdf/10.1097/FM9.0000000000000119?download=true
10.1097/FM9.0000000000000151,Case Findings: Sodium Ferric Gluconate Complex and Fetal Bradycardia,"Madeline Droney,Samuel Scovell,Joanne Hatfield,Erin Pender",https://mednexus.org/toc/mfm/05/04,https://mednexus.org/doi/pdf/10.1097/FM9.0000000000000151?download=true
10.1097/FM9.0000000000000202,"Emergency Cervical Cerclage Following Laparoscopic Abdominal Cerclage with Cervical
                     Dilatation","Songqing Deng,Yanchun Liang,Yajing Wei,Jianhong Shang,Shuzhong Yao,Zilian Wang",https://mednexus.org/toc/mfm/05/04,https://mednexus.org/doi/pdf/10.1097/FM9.0000000000000202?download=true
10.1097/FM9.0000000000000195,"Ligation or Occlusion of the Internal Iliac Arteries for the Treatment of Placenta
                     Accreta Spectrum: Why Is This Technique Still Performed?","Albaro José Nieto-Calvache,José M. Palacios-Jaraquemada,Rozi Aditya Aryananda,Nicolás Basanta,Juan Manuel Burgos-Luna,Fernando Rodriguez,Carlos Ordoñez,Daniela Sarria-Ortiz,Laura Muñoz-Córdoba,Juan Carlos Quintero,Valentina Galindo-Velasco,Adriana Messa-Bryon",https://mednexus.org/toc/mfm/05/03,https://mednexus.org/doi/pdf/10.1097/FM9.0000000000000195?download=true
10.1097/FM9.0000000000000183,"High Risk Factors for Placenta Accreta Other than Pregnancy and Their Impact on Patient
                     Prognosis","Xinrui Yang,Weiran Zheng,Jie Yan,Huixia Yang",https://mednexus.org/toc/mfm/05/03,https://mednexus.org/doi/pdf/10.1097/FM9.0000000000000183?download=true
10.1097/FM9.0000000000000192,"Pregnancy Outcomes Associated with Ovarian Hyperstimulation Syndrome: A Retrospective
                     Cohort Study of Infertile Women","Ajleeta Sangtani,Maryama Ismail,Amy Weaver,Zaraq Khan",https://mednexus.org/toc/mfm/05/03,https://mednexus.org/doi/pdf/10.1097/FM9.0000000000000192?download=true
10.1097/FM9.0000000000000178,Care Bundles: Enhanced Recovery After Delivery,"Ling-Qun Hu,Plato J. Lysandrou,Rebecca Minehart,Jing-Ping Wang,Yun Xia,Yiling Hu,Brett Worly",https://mednexus.org/toc/mfm/05/03,https://mednexus.org/doi/pdf/10.1097/FM9.0000000000000178?download=true
10.1097/FM9.0000000000000167,"Expression of Key Steroidogenic Enzymes in Human Placenta and Associated Adverse Pregnancy
                     Outcomes","Jiasong Cao,Yixin Wang,Shuqi Wang,Yongmei Shen,Wen Li,Zhuo Wei,Shanshan Li,Qimei Lin,Ying Chang",https://mednexus.org/toc/mfm/05/03,https://mednexus.org/doi/pdf/10.1097/FM9.0000000000000167?download=true
10.1097/FM9.0000000000000105,Is Autonomic Nervous System Involved in the Epileptogenesis in Preterm Neonates?,"Raffaele Falsaperla,Giovanna Vitaliti,Janette Mailo,Giovanni Corsello,Martino Ruggieri",https://mednexus.org/toc/mfm/05/03,https://mednexus.org/doi/pdf/10.1097/FM9.0000000000000105?download=true
10.1097/FM9.0000000000000191,"Conservative Treatment of Fetal Goitrous Hypothyroidism Due to Thyroglobulin Mutations:
                     A Case Report and Literature Review","Shiping Liu,Wei Bai,Ying Gao,Chunyan Shi,Lixin Fan,Junya Chen,Jian Shi,Weijie Sun,Xinlin Hou,Huixia Yang",https://mednexus.org/toc/mfm/05/03,https://mednexus.org/doi/pdf/10.1097/FM9.0000000000000191?download=true
10.1097/FM9.0000000000000070,Fetal Phenotype and Prenatal Diagnosis of Kabuki Syndrome,"Yan Pan,Hong Yao,Gongli Chen,Qiong Tan,Qing Chang,Yongyi Ma,Zhiqing Liang",https://mednexus.org/toc/mfm/05/03,https://mednexus.org/doi/pdf/10.1097/FM9.0000000000000070?download=true
10.1097/FM9.0000000000000187,Vaginal Delivery in a Primipara with Glanzmann Thrombasthenia,"Fangcan Sun,Jiahui Wang,Youguo Chen,Jie Yin,Bing Han",https://mednexus.org/toc/mfm/05/03,https://mednexus.org/doi/pdf/10.1097/FM9.0000000000000187?download=true
10.1097/FM9.0000000000000194,"Pregnant Women with Severe Factor VII Deficiency Undergoing Cesarean Section Managed
                     with a Short-Term Regimen of Recombinant Factor VIIa","Nathan Obore,Wan Jin,Qian Huiqin,Qian Wei,Hu Yan,Yu Hong",https://mednexus.org/toc/mfm/05/03,https://mednexus.org/doi/pdf/10.1097/FM9.0000000000000194?download=true
10.1097/FM9.0000000000000193,"Application of Laparoscopy in the Diagnosis and Treatment of Pregnancy Complicated
                     with Uterine Myomas","Siyun Wang,Ruixi Zhan,Ling Yin",https://mednexus.org/toc/mfm/05/03,https://mednexus.org/doi/pdf/10.1097/FM9.0000000000000193?download=true
10.1097/FM9.0000000000000179,"Vertical Transmission of Severe Acute Respiratory Syndrome Coronavirus 2: Current
                     Evidence and Perspectives","Chong Shou,Chen Wang,Huixia Yang",https://mednexus.org/toc/mfm/05/02,https://mednexus.org/doi/pdf/10.1097/FM9.0000000000000179?download=true
10.1097/FM9.0000000000000188,"Breastmilk—Old but Not Obsolete: from the Safety of Breastfeeding During the Coronavirus
                     Disease 2019 Pandemic to Broad Antiviral Drug Development",Kuanhui XiangandYi-Hua Zhou,https://mednexus.org/toc/mfm/05/02,https://mednexus.org/doi/pdf/10.1097/FM9.0000000000000188?download=true
10.1097/FM9.0000000000000154,Why the Silent Pandemic of Stillbirths Following COVID-19?,Mishu ManglaandNaina Kumar,https://mednexus.org/toc/mfm/05/02,https://mednexus.org/doi/pdf/10.1097/FM9.0000000000000154?download=true
10.1097/FM9.0000000000000186,Recommendations for the Diagnosis and Treatment of Maternal SARS-CoV-2 Infection,"Dunjin Chen,Yue Dai,Xinghui Liu,Hongbo Qi,Chen Wang,Lan Wang,Yuan Wei,Xiaochao Xu,Chuan Zhang,Lingli Zhang,Yuquan Zhang,Ruihua Zhao,Yangyu Zhao,Borong Zhou,Ai-Ling Wang,Huixia Yang,Li Song",https://mednexus.org/toc/mfm/05/02,https://mednexus.org/doi/pdf/10.1097/FM9.0000000000000186?download=true
10.1097/FM9.0000000000000149,Cross-Sectional Survey of Views on COVID-19 and Its Vaccines Among Pregnant Women,"Yan Yu Li,Wing Yi Lok,Liona C. Poon,Choi Wah Kong,William W.K. To",https://mednexus.org/toc/mfm/05/02,https://mednexus.org/doi/pdf/10.1097/FM9.0000000000000149?download=true
10.1097/FM9.0000000000000190,"Cellular and Molecular Atlas of Peripheral Blood Mononuclear Cells from a Pregnant
                     Woman After Recovery from COVID-19","Lili Du,Yingyu Liang,Xiaoyi Wang,Lijun Huang,Xingfei Pan,Jingsi Chen,Dunjin Chen",https://mednexus.org/toc/mfm/05/02,https://mednexus.org/doi/pdf/10.1097/FM9.0000000000000190?download=true
10.1097/FM9.0000000000000174,Distribution and Prevalence of Serotypes of Group BStreptococcusIsolated from Pregnant Women in 30 Countries: A Systematic Review,"Marta Maria Silva,Érica Alcântara Silva,Caline Novais Teixeira Oliveira,Maria Luísa Cordeiro Santos,Cláudio Lima Souza,Fabrício Freire de Melo,Márcio Vasconcelos Oliveira",https://mednexus.org/toc/mfm/05/02,https://mednexus.org/doi/pdf/10.1097/FM9.0000000000000174?download=true
10.1097/FM9.0000000000000189,Maternal and Perinatal Outcomes of SARS-CoV-2 and Variants in Pregnancy,"Qiaoli Feng,Qianwen Cui,Zhansong Xiao,Zengyou Liu,Shangrong Fan",https://mednexus.org/toc/mfm/05/02,https://mednexus.org/doi/pdf/10.1097/FM9.0000000000000189?download=true
10.1097/FM9.0000000000000138,Reappraising the Value of Fetal First-Trimester Ultrasonography,Huirong TangandMingming Zheng,https://mednexus.org/toc/mfm/05/02,https://mednexus.org/doi/pdf/10.1097/FM9.0000000000000138?download=true
10.1097/FM9.0000000000000177,"Thrombotic Thrombocytopenic Purpura in a Parturient Leading to Life-Threatening Thrombocytopenia
                     and Neonatal Demise—A Case Report","Amnon A. Berger,John J. Kowalczyk,Philip E. Hess,Yunping Li",https://mednexus.org/toc/mfm/05/02,https://mednexus.org/doi/pdf/10.1097/FM9.0000000000000177?download=true
10.1097/FM9.0000000000000116,"Prenatal Diagnosis of a Giant Epignathus in the Second Trimester and Immediate Successful
                     Management at Birth: A Case Report","Xiaoyu Hu,Yijing Chu,Yunqing Chen,Min Zhao,Xiaofei Wang,Lin Xu",https://mednexus.org/toc/mfm/05/02,https://mednexus.org/doi/pdf/10.1097/FM9.0000000000000116?download=true
10.1097/FM9.0000000000000182,"An Unusual Case ofBSNDGene–Related (Type IV) Bartter Syndrome Presenting as Antenatal Bartter Syndrome:
                     A Case Report and Review of Literature","Aleena M. Shajan,Manish Kumar,Preethi Navaneethan,Sumita Danda,Manisha M. Beck",https://mednexus.org/toc/mfm/05/02,https://mednexus.org/doi/pdf/10.1097/FM9.0000000000000182?download=true
10.1097/FM9.0000000000000180,Exploring the Optimal Diagnostic Thresholds of Hyperglycemia During Pregnancy,"Xinyu Shu,Juan Juan,Huixia Yang",https://mednexus.org/toc/mfm/05/01,https://mednexus.org/doi/pdf/10.1097/FM9.0000000000000180?download=true
10.1097/FM9.0000000000000181,"A Summary of Chinese Guidelines on Diagnosis and Management of Hyperglycemia in Pregnancy
                     (2022)","Maternal-Fetal Medicine Committee, Chinese Society of Obstetrics and Gynecology, Chinese
                        Medical Association;,Chinese Society of Perinatal Medicine, Chinese Medical Association;,…See all authors",https://mednexus.org/toc/mfm/05/01,https://mednexus.org/doi/pdf/10.1097/FM9.0000000000000181?download=true
10.1097/FM9.0000000000000150,"Risk Factors for Gestational Diabetes Mellitus (GDM) in Subsequent Pregnancy Among
                     Women Without GDM History in China: A Multicenter Retrospective Study","Geng Song,Yumei Wei,Juan Juan,Rina Su,Jianying Yan,Mei Xiao,Xianlan Zhao,Meihua Zhang,Yuyan Ma,Haiwei Liu,Jingxia Sun,Kejia Hu,Huixia Yang",https://mednexus.org/toc/mfm/05/01,https://mednexus.org/doi/pdf/10.1097/FM9.0000000000000150?download=true
10.1097/FM9.0000000000000129,Chinese Fetal Growth: A Multicenter Cohort Study Based on Fetal Ultrasound Measurements,"Xiaoli Gong,Tianchen Wu,Xiaoli Wang,Lizhen Zhang,Yiping You,Hongwei Wei,Xifang Zuo,Ying Zhou,Xinli Xing,Zhaoyan Meng,Qi Lyu,Zhaodong Liu,Jian Zhang,Liyan Hu,Junnan Li,Li Li,Chulin Chen,Chunyan Liu,Guoqiang Sun,Aiju Liu,Jingsi Chen,Yuan Lyu,Yuan Wei,Yangyu Zhao",https://mednexus.org/toc/mfm/05/01,https://mednexus.org/doi/pdf/10.1097/FM9.0000000000000129?download=true
10.1097/FM9.0000000000000125,"Maternal Obesity, Gestational Diabetes, and Fetal Macrosomia: An Incidental or a Mechanistic
                     Relationship?","Mohammad A. Salameh,Olubunmi Oniya,Reem S. Chamseddine,Justin C. Konje",https://mednexus.org/toc/mfm/05/01,https://mednexus.org/doi/pdf/10.1097/FM9.0000000000000125?download=true
10.1097/FM9.0000000000000130,"Effect of Gestational Diabetes Mellitus on the Growth, Development, and Stem Cells
                     of Offspring","Meihua Zhang,Munan Ma,Jinping Wang,Yijun Wang,Xinrui Yang,Songtao Fu",https://mednexus.org/toc/mfm/05/01,https://mednexus.org/doi/pdf/10.1097/FM9.0000000000000130?download=true
10.1097/FM9.0000000000000091,The Gut Microbiome During Pregnancy,"Guoqing Jiang,Zhiyi Zhou,Xiaojuan Li,Yuan Qian,Kunhua Wang",https://mednexus.org/toc/mfm/05/01,https://mednexus.org/doi/pdf/10.1097/FM9.0000000000000091?download=true
10.1097/FM9.0000000000000111,"Aggressive Intestinal Symptoms Caused by Metastatic Tumors Originating from Primary
                     Gastric Cancer in Pregnancy: A Case Report","Chunlin Zhao,Jingru Ji,Shenghui Lu,Fang Wang,Hailan Yang",https://mednexus.org/toc/mfm/05/01,https://mednexus.org/doi/pdf/10.1097/FM9.0000000000000111?download=true
10.1097/FM9.0000000000000175,Insulin Management for Hypertriglyceridemia in Pregnancy,"Decui Cheng,Jie Ma,Menghua Kuang,Cong Lu,Jianrong Weng,Yuemin Yang,Xianming Xu",https://mednexus.org/toc/mfm/05/01,https://mednexus.org/doi/pdf/10.1097/FM9.0000000000000175?download=true
10.1097/FM9.0000000000000164,"Exploring Experiences with ""321"" Model Management for High-Risk Pregnancy: A Qualitative
                     Study","Wen Sun,Peili Du,Lin Yu,Xiaoyi Wang,Fang He,Jingsi Chen,Chunhong Su,Dunjin Chen",https://mednexus.org/toc/mfm/05/01,https://mednexus.org/doi/pdf/10.1097/FM9.0000000000000164?download=true
10.1097/FM9.0000000000000165,Spontaneous Thoracic Spinal Epidural Hematoma During Pregnancy,"Ioanna Papadimitriou,Artemis Apostolou,Antonios Vakis,Christos Tsitsipanis",https://mednexus.org/toc/mfm/05/01,https://mednexus.org/doi/pdf/10.1097/FM9.0000000000000165?download=true
10.1097/FM9.0000000000000176,"Selective Fetal Growth Restriction in Monochorionic Diamniotic Twins: Diagnosis and
                     Management: Erratum",无作者,https://mednexus.org/toc/mfm/05/01,https://mednexus.org/doi/pdf/10.1097/FM9.0000000000000176?download=true
10.1097/FM9.0000000000000123,Multiple Pregnancy: An Increasingly Important Situation in the Current Era,Gian Carlo Di RenzoandHuixia Yang,https://mednexus.org/toc/mfm/04/04,https://mednexus.org/doi/pdf/10.1097/FM9.0000000000000123?download=true
10.1097/FM9.0000000000000131,Fetal Growth in Twin Pregnancies and the Choice of Growth Chart,Nir MelamedandLiran Hiersch,https://mednexus.org/toc/mfm/04/04,https://mednexus.org/doi/pdf/10.1097/FM9.0000000000000131?download=true
10.1097/FM9.0000000000000169,"miRNA-141-5p Affects the Levels of Neutrophil Elastase in Preeclampsia by Regulating
                     MAPK1","Keyan Cheng,Jialei Cui,Wenli Zhou,Huiqiang Liu,Taotao Yang,Yonghong Wang",https://mednexus.org/toc/mfm/04/04,https://mednexus.org/doi/pdf/10.1097/FM9.0000000000000169?download=true
10.1097/FM9.0000000000000163,Application and Influencing Factors of Radiofrequency Ablation in Monochorionic Pregnancy,"Pingshan Pan,Dongbing Huang,Lu Tang,Zuojian Yang,Guican Qin,Hongwei Wei",https://mednexus.org/toc/mfm/04/04,https://mednexus.org/doi/pdf/10.1097/FM9.0000000000000163?download=true
10.1097/FM9.0000000000000108,Twin Deliveries - East Meets West,Jon BarrettandQiongjie Zhou,https://mednexus.org/toc/mfm/04/04,https://mednexus.org/doi/pdf/10.1097/FM9.0000000000000108?download=true
10.1097/FM9.0000000000000170,"The Controversies and Challenges in the Management of Twin Pregnancy: From the Perspective
                     of International Federation of Gynecology and Obstetrics Guidelines","Jingyu Liu,Quanrui Liu,Jingya Zhao,Danlun Li,Yi Zhou",https://mednexus.org/toc/mfm/04/04,https://mednexus.org/doi/pdf/10.1097/FM9.0000000000000170?download=true
10.1097/FM9.0000000000000172,Twin Reversed Arterial Perfusion Sequence: Prenatal Diagnosis and Treatment,"Xiaoqing Ye,Jiayan Wang,Jing Lu,Nan Li,Wenping Ding,Yuxia Fu,Min Chen",https://mednexus.org/toc/mfm/04/04,https://mednexus.org/doi/pdf/10.1097/FM9.0000000000000172?download=true
10.1097/FM9.0000000000000171,"Selective Fetal Growth Restriction in Monochorionic Diamniotic Twins: Diagnosis and
                     Management","Alicia Mazer Zumaeta,María Mar Gil,Miguel Rodríguez-Fernández,Pilar Carretero,José Hector Ochoa,María Cristina Casanova,Francisca Sonia Molina",https://mednexus.org/toc/mfm/04/04,https://mednexus.org/doi/pdf/10.1097/FM9.0000000000000171?download=true
10.1097/FM9.0000000000000173,The Umbilical Cord and Complications of Twin Gestations,"Aurianne Van Grambezen,Patricia Steenhaut,Bénédicte Van Grambezen,Frédéric Debiève,Pierre Bernard,Corinne Hubinont",https://mednexus.org/toc/mfm/04/04,https://mednexus.org/doi/pdf/10.1097/FM9.0000000000000173?download=true
10.1097/FM9.0000000000000155,"Perinatal Management and Outcomes of Pregnancy Following Sheehan Syndrome: A Case
                     Report and Literature Review: Erratum",无作者,https://mednexus.org/toc/mfm/04/04,https://mednexus.org/doi/pdf/10.1097/FM9.0000000000000155?download=true
10.1097/FM9.0000000000000109,Prenatal Phenotypical Discrepancy in Monozygotic Twins with Tuberous Sclerosis Complex,"Shiyi Xiong,Fengyu Wu,Guangquan Chen,Jian Wang,Yingjun Yang,Ya Xing,Luming Sun",https://mednexus.org/toc/mfm/04/04,https://mednexus.org/doi/pdf/10.1097/FM9.0000000000000109?download=true
10.1097/FM9.0000000000000107,Perimesencephalic Subarachnoid Hemorrhage in Pregnancy: A Case Report,"Stefania Ruggieri,Maurizia Gatto,Maria Annunziata Gentile,Salvatore D’Oria,Filippo Tamma,Domenico Caringella,Alessandra Giocolano,Chiara Taccaliti,Maurizio Guido",https://mednexus.org/toc/mfm/04/04,https://mednexus.org/doi/pdf/10.1097/FM9.0000000000000107?download=true
10.1097/FM9.0000000000000166,Highlights from the International Twins Congress 2021,Chen WangandHuixia Yang,https://mednexus.org/toc/mfm/04/04,https://mednexus.org/doi/pdf/10.1097/FM9.0000000000000166?download=true
10.1097/FM9.0000000000000162,"Evidence-Based Screening, Diagnosis and Management of Fetal Growth Restriction: Challenges
                     and Confusions",Luming SunandDick Oepkes,https://mednexus.org/toc/mfm/04/03,https://mednexus.org/doi/pdf/10.1097/FM9.0000000000000162?download=true
10.1097/FM9.0000000000000158,"A Summary of Chinese Expert Consensus on Fetal Growth Restriction (An Update on the
                     2019 Version)","Fetal Medicine Subgroup, Chinese Society of Perinatal Medicine, Chinese Medical Association,Maternal-Fetal Medicine Committee, Chinese Society of Obstetrics and Gynecology Chinese
                        Medical Association,Luming Sun,Yali Hu,Hongbo Qi",https://mednexus.org/toc/mfm/04/03,https://mednexus.org/doi/pdf/10.1097/FM9.0000000000000158?download=true
10.1097/FM9.0000000000000152,"Temporal Trends of Maternal Mortality Due to Obstetric Hemorrhage in Chinese Mainland:
                     Evidence from the Population-Based Surveillance Data Between 2000 and 2019","Yi Mu,Jun Zhu,Yanping Wang,Jiani Zhang,Mingrong Li,Peiran Chen,Yanxia Xie,Juan Liang,Xiaodong Wang",https://mednexus.org/toc/mfm/04/03,https://mednexus.org/doi/pdf/10.1097/FM9.0000000000000152?download=true
10.1097/FM9.0000000000000142,"Risk Factors and Pregnancy Outcome in Women with a History of Cesarean Section Complicated
                     by Placenta Accreta","Yingyu Liang,Lizi Zhang,Shilei Bi,Jingsi Chen,Shanshan Zeng,Lijun Huang,Yulian Li,Minshan Huang,Hu Tan,Jinping Jia,Suiwen Wen,Zhijian Wang,Yinli Cao,Shaoshuai Wang,Xiaoyan Xu,Ling Feng,Xianlan Zhao,Yangyu Zhao,Qiying Zhu,Hongbo Qi,Lanzhen Zhang,Hongtian Li,Lili Du,Dunjin Chen",https://mednexus.org/toc/mfm/04/03,https://mednexus.org/doi/pdf/10.1097/FM9.0000000000000142?download=true
10.1097/FM9.0000000000000161,"Fetal Growth Restriction: Mechanisms, Epidemiology, and Management","Hester D. Kamphof,Selina Posthuma,Sanne J. Gordijn,Wessel Ganzevoort",https://mednexus.org/toc/mfm/04/03,https://mednexus.org/doi/pdf/10.1097/FM9.0000000000000161?download=true
10.1097/FM9.0000000000000157,Establishing Chinese Fetal Growth Standards: Why and How,"Xiaojing Zeng,Jing Zhu,Jun Zhang",https://mednexus.org/toc/mfm/04/03,https://mednexus.org/doi/pdf/10.1097/FM9.0000000000000157?download=true
10.1097/FM9.0000000000000159,Genetics Etiologies Associated with Fetal Growth Restriction,"Dayuan Shi,Luyao Cai,Luming Sun",https://mednexus.org/toc/mfm/04/03,https://mednexus.org/doi/pdf/10.1097/FM9.0000000000000159?download=true
10.1097/FM9.0000000000000156,The Update of Fetal Growth Restriction Associated with Biomarkers,Liqun Sun,https://mednexus.org/toc/mfm/04/03,https://mednexus.org/doi/pdf/10.1097/FM9.0000000000000156?download=true
10.1097/FM9.0000000000000160,Preventing Stillbirth: A Review of Screening and Prevention Strategies,"Laure Noël,Conrado Milani Coutinho,Basky Thilaganathan",https://mednexus.org/toc/mfm/04/03,https://mednexus.org/doi/pdf/10.1097/FM9.0000000000000160?download=true
10.1097/FM9.0000000000000104,"Pulmonary Embolism in Pregnancy: Ultrasound-Assisted Catheter-Directed Thrombolytic
                     Therapy for the Treatment of a Pulmonary Embolus-A Case Report","Michael G. Baracy,Olumide Olotu,Phillip Marchese,Marc Gosselin,Shyla Vengalil",https://mednexus.org/toc/mfm/04/03,https://mednexus.org/doi/pdf/10.1097/FM9.0000000000000104?download=true
10.1097/FM9.0000000000000144,The Advent of a New Era of Antenatal Cardiotocography,"Yang Zhang,Qiongjie Zhou,Xiaotian Li",https://mednexus.org/toc/mfm/04/02,https://mednexus.org/doi/pdf/10.1097/FM9.0000000000000144?download=true
10.1097/FM9.0000000000000146,"Interobserver Agreement and Reliability of Intrapartum Nonreassuring Cardiotocography
                     and Prediction of Neonatal Acidemia","Zhuyu Li,Yan Wang,Jian Cai,Peizhen Zhao,Hanqing Chen,Haiyan Liu,Lixia Shen,Lian Chen,Shufang Li,Yangyu Zhao,Zilian Wang",https://mednexus.org/toc/mfm/04/02,https://mednexus.org/doi/pdf/10.1097/FM9.0000000000000146?download=true
10.1097/FM9.0000000000000147,"CTGNet: Automatic Analysis of Fetal Heart Rate from Cardiotocograph Using Artificial
                     Intelligence","Mei Zhong,Hao Yi,Fan Lai,Mujun Liu,Rongdan Zeng,Xue Kang,Yahui Xiao,Jingbo Rong,Huijin Wang,Jieyun Bai,Yaosheng Lu",https://mednexus.org/toc/mfm/04/02,https://mednexus.org/doi/pdf/10.1097/FM9.0000000000000147?download=true
10.1097/FM9.0000000000000127,"The Efficacy of In-Phase and Quadrature Demodulation in Electronic Fetal Heart Rate
                     Monitoring During Labor","Yiheng Liang,Ping Liu,Shaomei Yan,Yun Li,Duijin Chen,Shangrong Fan",https://mednexus.org/toc/mfm/04/02,https://mednexus.org/doi/pdf/10.1097/FM9.0000000000000127?download=true
10.1097/FM9.0000000000000145,Safety of Internal Electronic Fetal Heart Rate Monitoring During Labor,"Yiheng Liang,Yun Li,Chunhua Huang,Xiaohong Li,Qiaoqing Cai,Jiying Peng,Shangrong Fan",https://mednexus.org/toc/mfm/04/02,https://mednexus.org/doi/pdf/10.1097/FM9.0000000000000145?download=true
10.1097/FM9.0000000000000128,"Second and Third Trimester Fetal Death in the Setting of COVID-19: A California 2020
                     Case Series","Rosalyn E. Plotzker,Similoluwa Sowunmi,Valorie Eckert,Emily Barnes,Van Ngo,Lauren J. Stockman,Chloe LeMarchand,Umme-Aiman Halai",https://mednexus.org/toc/mfm/04/02,https://mednexus.org/doi/pdf/10.1097/FM9.0000000000000128?download=true
10.1097/FM9.0000000000000141,Computerized Analysis of Antepartum Cardiotocography: A Review,"Gabriel Davis Jones,William R. Cooke,Manu Vatish,Christopher W.G. Redman",https://mednexus.org/toc/mfm/04/02,https://mednexus.org/doi/pdf/10.1097/FM9.0000000000000141?download=true
10.1097/FM9.0000000000000148,Evolving Frameworks for the Foundation and Practice of Electronic Fetal Monitoring,"Mark I. Evans,David W. Britt,Shara M. Evans,Lawrence D. Devoe",https://mednexus.org/toc/mfm/04/02,https://mednexus.org/doi/pdf/10.1097/FM9.0000000000000148?download=true
10.1097/FM9.0000000000000084,"Fetal Vesicoallantoic Cyst and Intraabdominal Defects: An Unusual Case and Review
                     of the Literature","Mathieu Delvaux,Yves Sznajer,Etienne Marbaix,Jean Marc Biard,Corinne Hubinont",https://mednexus.org/toc/mfm/04/02,https://mednexus.org/doi/pdf/10.1097/FM9.0000000000000084?download=true
10.1097/FM9.0000000000000143,"Two Successful Livebirths from Both Hemiuteruses After Laparoscopic Cervical Cerclage
                     in a Uterus Didelphys Patient with Cervical Insufficiency","Limei Zhang,Xue Zhong,Yuqing Chen,Tianyu Peng,Liyun Yu,Jian Cai,Shuzhong Yao,Zilian Wang",https://mednexus.org/toc/mfm/04/02,https://mednexus.org/doi/pdf/10.1097/FM9.0000000000000143?download=true
10.1097/FM9.0000000000000140,Maternal-Fetal Medicine:The Journey Thus Far and Way Forward,Yang PanandHuixia Yang,https://mednexus.org/toc/mfm/04/01,https://mednexus.org/doi/pdf/10.1097/FM9.0000000000000140?download=true
10.1097/FM9.0000000000000139,Maternal Determinants of Pregnancy Success,"Wenbo Deng,Dong-bao Chen,Haibin Wang",https://mednexus.org/toc/mfm/04/01,https://mednexus.org/doi/pdf/10.1097/FM9.0000000000000139?download=true
10.1097/FM9.0000000000000137,"Impaired Compensatory Vasodilatory Effect Mediated by Wolfram Syndrome 1 and Corticotropin-Releasing
                     Hormone Family Peptides in 17α-Ethynylestradiol-Induced Intrahepatic Cholestasis Pregnant
                     Rats When Under Additional Acute Hypoxia Stress","Tingting Xu,Daijuan Chen,Xixi Deng,Yongchi Zhan,Fan Zhou,Xiaodong Wang",https://mednexus.org/toc/mfm/04/01,https://mednexus.org/doi/pdf/10.1097/FM9.0000000000000137?download=true
10.1097/FM9.0000000000000079,"Dysregulated Hepatic Expression of Glucose Transporter Type-1, Toll-Like Receptor
                     4, and Nuclear Factor Kappa B in Estrogen-Induced Cholestasis Pregnant Rats with Placental
                     Ischemia-Reperfusion Stress","Fan Zhou,Huafang Chen,Dan Shan,Yuxia Wu,Qian Chen,Yayi Hu",https://mednexus.org/toc/mfm/04/01,https://mednexus.org/doi/pdf/10.1097/FM9.0000000000000079?download=true
10.1097/FM9.0000000000000135,Decidualization and Related Pregnancy Complications,"Jing Tong,Shijian Lv,Jieqiong Yang,Hongwanyu Li,Weiya Li,Cong Zhang",https://mednexus.org/toc/mfm/04/01,https://mednexus.org/doi/pdf/10.1097/FM9.0000000000000135?download=true
10.1097/FM9.0000000000000134,Placental Development and Pregnancy-Associated Diseases,"Xin Yu,Hongyu Wu,Yun Yang,Feiyang Wang,Yan-Ling Wang,Xuan Shao",https://mednexus.org/toc/mfm/04/01,https://mednexus.org/doi/pdf/10.1097/FM9.0000000000000134?download=true
10.1097/FM9.0000000000000132,Estrogen-Induced Uterine Vasodilation in Pregnancy and Preeclampsia,"Yan Li,Baoshi Han,Alejandra Garcia Salmeron,Jin Bai,Dong-bao Chen",https://mednexus.org/toc/mfm/04/01,https://mednexus.org/doi/pdf/10.1097/FM9.0000000000000132?download=true
10.1097/FM9.0000000000000136,"Preterm Labor, a Syndrome Attributed to the Combination of External and Internal Factors",Yuanyuan LiuandLu Gao,https://mednexus.org/toc/mfm/04/01,https://mednexus.org/doi/pdf/10.1097/FM9.0000000000000136?download=true
10.1097/FM9.0000000000000133,"Viral Infections During Pregnancy: The Big Challenge Threatening Maternal and Fetal
                     Health","Wenzhe Yu,Xiaoqian Hu,Bin Cao",https://mednexus.org/toc/mfm/04/01,https://mednexus.org/doi/pdf/10.1097/FM9.0000000000000133?download=true
10.1097/FM9.0000000000000106,"Confirming the Diagnosis and Classifying Placenta Accreta Spectrum (PAS) Disorders:
                     Minutes of 2020 Online International Workshop on PAS in Beijing","Eric Jauniaux,Weiran Zheng,Jie Yan",https://mednexus.org/toc/mfm/03/04,https://mednexus.org/doi/pdf/10.1097/FM9.0000000000000106?download=true
10.1097/FM9.0000000000000118,"Ultrasound Assessment of Placenta Accreta Spectrum (PAS), Clinical Management of PAS
                     in Our Society IS-PAS: Minutes of 2020 Online International Workshop on PAS","Frederic Chantraine,Xinrui Yang,Jie Yan",https://mednexus.org/toc/mfm/03/04,https://mednexus.org/doi/pdf/10.1097/FM9.0000000000000118?download=true
10.1097/FM9.0000000000000126,Expert Opinion on Placenta Accreta Spectrum Disorders in China,"Jie Yan,Dunjin Chen,Huixia Yang",https://mednexus.org/toc/mfm/03/04,https://mednexus.org/doi/pdf/10.1097/FM9.0000000000000126?download=true
10.1097/FM9.0000000000000121,"CSOG MFM Committee Guideline: Clinical Management Guidelines for Acute Fatty Liver
                     of Pregnancy in China (2021)","Maternal-Fetal Medicine Committee, Chinese Society of Obstetrics and Gynecology, Chinese
                        Medical Association,Ping Li,Yaolong Chen,Weishe Zhang,Huixia Yang",https://mednexus.org/toc/mfm/03/04,https://mednexus.org/doi/pdf/10.1097/FM9.0000000000000121?download=true
10.1097/FM9.0000000000000089,Prenatal Diagnosis of Dystrophinopathy and Cytogenetic Analysis in 303 Chinese Families,"Mengmeng Li,Na Hao,Fengxia Yao,Weimin Zhang,Jing Zhou,Li Tan,Zhengqing Qiu,Juntao Liu",https://mednexus.org/toc/mfm/03/04,https://mednexus.org/doi/pdf/10.1097/FM9.0000000000000089?download=true
10.1097/FM9.0000000000000115,"The Impact of Spontaneous Labor Before Elective Repeat Cesarean Delivery on Pregnancy
                     Outcome: A Prospective Cohort Study","Mohamad K. Ramadan,Ibtissam Jarjour,Manal Hubeish,Saad Eddine Itani,Sirin Mneimneh,Dominique A. Badr",https://mednexus.org/toc/mfm/03/04,https://mednexus.org/doi/pdf/10.1097/FM9.0000000000000115?download=true
10.1097/FM9.0000000000000077,Placenta Accreta Spectrum: Conservative Management and Its Impact on Future Fertility,Riwa A. AbbasandAnwar H. Nassar,https://mednexus.org/toc/mfm/03/04,https://mednexus.org/doi/pdf/10.1097/FM9.0000000000000077?download=true
10.1097/FM9.0000000000000124,"Posterior Placenta Accreta Spectrum Disorders: Risk Factors, Diagnostic Accuracy,
                     and Surgical Management",José Miguel Palacios-JaraquemadaandFrancesco D’Antonio,https://mednexus.org/toc/mfm/03/04,https://mednexus.org/doi/pdf/10.1097/FM9.0000000000000124?download=true
10.1097/FM9.0000000000000103,"Predicting Perinatal Outcomes in Fetuses with Congenital Diaphragmatic Hernia Using
                     Ultrasound and Magnetic Resonance Imaging","Jun Huang,Hongli Liu,Haiyan Hu,Li Zhang,Ping Cai,Yonggang Li,Junnan Li",https://mednexus.org/toc/mfm/03/04,https://mednexus.org/doi/pdf/10.1097/FM9.0000000000000103?download=true
10.1097/FM9.0000000000000117,"Retained Placenta Creta After Selective Fetal Reduction in Twin Pregnancy: A Case
                     Report","Weiran Zheng,Xinrui Yang,Yuchun Zhu,Jie Yan,Huixia Yang",https://mednexus.org/toc/mfm/03/04,https://mednexus.org/doi/pdf/10.1097/FM9.0000000000000117?download=true
10.1097/FM9.0000000000000120,Bladder Bleeding Due to Placenta Percreta: Report of Four Cases and Management Discussion,"Huidan Zhao,Xianlan Zhao,Chuanna Liu,Ya Tao,Yan Zhou",https://mednexus.org/toc/mfm/03/04,https://mednexus.org/doi/pdf/10.1097/FM9.0000000000000120?download=true
10.1097/FM9.0000000000000112,"Fear is the Path to the Dark Side: Unsafe Delivery, One of the Consequences of Fear
                     of the SARS-CoV-2 Pandemic, A Case Report","Albaro José Nieto-Calvache,Iván Padilla,Mario Fernando Tabares-Blanco,María Camila López-Girón,Lina María Vergara Galliadi",https://mednexus.org/toc/mfm/03/04,https://mednexus.org/doi/pdf/10.1097/FM9.0000000000000112?download=true
10.1097/FM9.0000000000000114,Umbilical Artery Embolism: A Case Report and Literature Review,"Qinjian Zhang,Zhuanji Fang,Siwen Chen,Xia Xu,Jianying Yan",https://mednexus.org/toc/mfm/03/04,https://mednexus.org/doi/pdf/10.1097/FM9.0000000000000114?download=true
10.1097/FM9.0000000000000113,Comprehensive Management of Gestational Diabetes Mellitus in China,"Yumei Wei,Juan Juan,Huixia Yang",https://mednexus.org/toc/mfm/03/03,https://mednexus.org/doi/pdf/10.1097/FM9.0000000000000113?download=true
10.1097/FM9.0000000000000110,"The Differences of Gestational Diabetes Outpatient Management Between China and the
                     United Kingdom: from the Perspective of a First-Year Resident","Zhuofan Yang,Zhuyu Li,Haitian Chen,Zilian Wang",https://mednexus.org/toc/mfm/03/03,https://mednexus.org/doi/pdf/10.1097/FM9.0000000000000110?download=true
10.1097/FM9.0000000000000094,"Urgent Need of Continuing Medical Education: The Key for Patient Awareness of Labor
                     Epidural Analgesia - A Survey of Chinese Perinatal Care Providers","Peishan Zhao,Ling-Qun Hu,Chunyuan Liu,Huiling Li,Anna Huang,Shuwei Yang,Zhenyu Cai",https://mednexus.org/toc/mfm/03/03,https://mednexus.org/doi/pdf/10.1097/FM9.0000000000000094?download=true
10.1097/FM9.0000000000000073,"The Clinical Value of Artery Umbilical Cord Blood Gas in Predicting Neonate Condition:
                     A Prospective Cohort Study","Xing Xin,Weixin Lu,Chunhua Ye,Hongyan Du,Shaoshuai Wang,Ling Feng",https://mednexus.org/toc/mfm/03/03,https://mednexus.org/doi/pdf/10.1097/FM9.0000000000000073?download=true
10.1097/FM9.0000000000000074,Cervical Length at 28-32 Weeks of Gestation Predicts Preterm Birth,"Mengying Zhang,Xiaoxiao Zhang,Huixia Yang,Chunyan Shi",https://mednexus.org/toc/mfm/03/03,https://mednexus.org/doi/pdf/10.1097/FM9.0000000000000074?download=true
10.1097/FM9.0000000000000082,"Singlevs. Recurrent Episodes of Preeclampsia-population-based Epidemiological and Clinical
                     Characteristics","Salvatore Andrea Mastrolia,Boris Taran,Eric Kachko,Omer Mor,Ruth Beer-Wiesel,Tamar Eshkoli,Doron Dukler,Shayna Miodownik,Offer Erez",https://mednexus.org/toc/mfm/03/03,https://mednexus.org/doi/pdf/10.1097/FM9.0000000000000082?download=true
10.1097/FM9.0000000000000088,Preeclampsia: A Review of Early Predictors,"Riwa A. Abbas,Labib Ghulmiyyah,Elie Hobeika,Ihab M. Usta,Fadi Mirza,Anwar H. Nassar",https://mednexus.org/toc/mfm/03/03,https://mednexus.org/doi/pdf/10.1097/FM9.0000000000000088?download=true
10.1097/FM9.0000000000000086,The Role of Metformin in Treating Preeclampsia,"Decui Cheng,Xuexin Zhou,Xianming Xu",https://mednexus.org/toc/mfm/03/03,https://mednexus.org/doi/pdf/10.1097/FM9.0000000000000086?download=true
10.1097/FM9.0000000000000085,"Ethically Justified, Practical Guidance for the Professionally Responsible Investigation
                     of Maternal-Fetal Intervention for Fetal or Neonatal Benefit",Frank A. ChervenakandLaurence B. McCullough,https://mednexus.org/toc/mfm/03/03,https://mednexus.org/doi/pdf/10.1097/FM9.0000000000000085?download=true
10.1097/FM9.0000000000000092,"Perinatal Management and Outcomes of Pregnancy Following Sheehan Syndrome: A Case
                     Report and Literature Review","Yongchi Zhan,Tingting Xu,Xiaodong Wang",https://mednexus.org/toc/mfm/03/03,https://mednexus.org/doi/pdf/10.1097/FM9.0000000000000092?download=true
10.1097/FM9.0000000000000078,"Pregnancy, Pancreatitis, and Hypoglycemia: Multi-modal Management in a Case with Multiple
                     Endocrine Neoplasia-1 Syndrome","Anshita Aggarwal,Aditya Dutta,Sanjay K. Bhadada,Anil Bhansali",https://mednexus.org/toc/mfm/03/03,https://mednexus.org/doi/pdf/10.1097/FM9.0000000000000078?download=true
10.1097/FM9.0000000000000075,"Successful Antenatal Diagnosis and Management of a Rare Case of Congenital Fetal Choledochal
                     Cyst","Indu Lata,Ankur Mandelia,Kausik Mandal",https://mednexus.org/toc/mfm/03/03,https://mednexus.org/doi/pdf/10.1097/FM9.0000000000000075?download=true
10.1097/FM9.0000000000000100,Key Points to Early Action for Preventing and Monitoring the Syndrome of Preeclampsia,Jialue WangandZi Yang,https://mednexus.org/toc/mfm/03/02,https://mednexus.org/doi/pdf/10.1097/FM9.0000000000000100?download=true
10.1097/FM9.0000000000000102,How Different Are Diverse Populations in Screening for Preeclampsia?,Raigam Jafet Martinez-PortillaandLiona C. Poon,https://mednexus.org/toc/mfm/03/02,https://mednexus.org/doi/pdf/10.1097/FM9.0000000000000102?download=true
10.1097/FM9.0000000000000099,"Incidence and Clinical Risk Factors for Preeclampsia and Its Subtypes: A Population-Based
                     Study in Beijing, China","Li Lin,Jing Huai,Rina Su,Chen Wang,Boya Li,Huixia Yang",https://mednexus.org/toc/mfm/03/02,https://mednexus.org/doi/pdf/10.1097/FM9.0000000000000099?download=true
10.1097/FM9.0000000000000098,Risk Factors for Preeclampsia: Results from a Cohort of Over 5000 Pregnancies in Spain,"Diana Cuenca,Valeria Rolle,Katy de Paco Matallana,Nuria Valiño,Rocio Revello,Begoña Adiego,Manel Mendoza,Belen Santacruz,Maria del Mar Gil",https://mednexus.org/toc/mfm/03/02,https://mednexus.org/doi/pdf/10.1097/FM9.0000000000000098?download=true
10.1097/FM9.0000000000000097,Short Term Prediction of Preeclampsia,Dorota SrokaandStefan Verlohren,https://mednexus.org/toc/mfm/03/02,https://mednexus.org/doi/pdf/10.1097/FM9.0000000000000097?download=true
10.1097/FM9.0000000000000101,First Trimester Screening for Preeclampsia: An Asian Perspective,"Sakita Moungmaithong,Xueqin Wang,Angela S.T. Tai,Qiaoli Feng,Daljit Sahota,Tak Yeung Leung,Liona C. Poon",https://mednexus.org/toc/mfm/03/02,https://mednexus.org/doi/pdf/10.1097/FM9.0000000000000101?download=true
10.1097/FM9.0000000000000095,Management of Hypertension in Pregnancy,Laura A. MageeandPeter von Dadelszen,https://mednexus.org/toc/mfm/03/02,https://mednexus.org/doi/pdf/10.1097/FM9.0000000000000095?download=true
10.1097/FM9.0000000000000096,"Management of Preeclampsia in Low- and Middle-Income Countries: Lessons to Date, and
                     Questions Arising, from the PRE-EMPT and Related Initiatives","Peter von Dadelszen,Marianne Vidler,Eleni Tsigas,Laura A. Magee",https://mednexus.org/toc/mfm/03/02,https://mednexus.org/doi/pdf/10.1097/FM9.0000000000000096?download=true
10.1097/FM9.0000000000000093,Syncytiotrophoblast Derived Extracellular Vesicles in Relation to Preeclampsia,"William R. Cooke,Gabriel D. Jones,Christopher W.G. Redman,Manu Vatish",https://mednexus.org/toc/mfm/03/02,https://mednexus.org/doi/pdf/10.1097/FM9.0000000000000093?download=true
10.1097/FM9.0000000000000090,New Year's Greetings,Huixia YangandGuoyang Luo,https://mednexus.org/toc/mfm/03/01,https://mednexus.org/doi/pdf/10.1097/FM9.0000000000000090?download=true
10.1097/FM9.0000000000000072,Keeping Pregnant Patients Safe During COVID-19 Pandemic,"Philip E. Hess,Blair J. Wylie,Toni Golen,Scott A. Shainker,Chloe Zera,Yunping Li",https://mednexus.org/toc/mfm/03/01,https://mednexus.org/doi/pdf/10.1097/FM9.0000000000000072?download=true
10.1097/FM9.0000000000000087,"CSOG MFM Committee Guideline: Management of Hepatitis B During Pregnancy and Prevention
                     of Mother-to-Child Transmission of Hepatitis B Virus (2020)","Maternal-Fetal Medicine Committee, Chinese Society of Obstetrics and Gynecology, Chinese
                        Medical Association,Chinese Society of Perinatal Medicine, Chinese Medical Association,Chinese Academy of Maternal-Fetal Medicine,Yi-Hua Zhou,…See all authors",https://mednexus.org/toc/mfm/03/01,https://mednexus.org/doi/pdf/10.1097/FM9.0000000000000087?download=true
10.1097/FM9.0000000000000069,"Association of an Increased Risk of Pre-eclampsia and Fetal Growth Restriction in
                     Singleton and Twin Pregnancies with Female Fetuses","Shilei Bi,Lizi Zhang,Zhijian Wang,Jingman Tang,Sushan Xie,Jingjin Gong,Lin Lin,Luwen Ren,Lijun Huang,Shanshan Zeng,Jingsi Chen,Lili Du,Dunjin Chen",https://mednexus.org/toc/mfm/03/01,https://mednexus.org/doi/pdf/10.1097/FM9.0000000000000069?download=true
10.1097/FM9.0000000000000080,"Follow-up Study on the Outcomes of Recovered Pregnant Women with a History of COVID-19
                     in the First and Second Trimesters: A Case Series from China","Yin Zhao,Bangxing Huang,Hui Ma,You Shang,Xiu Nie,Li Zou",https://mednexus.org/toc/mfm/03/01,https://mednexus.org/doi/pdf/10.1097/FM9.0000000000000080?download=true
10.1097/FM9.0000000000000065,Twin Anemia Polycythemia Sequence: Knowledge and Insights After 15 Years of Research,"Lisanne S.A. Tollenaar,Enrico Lopriore,Dick Oepkes,Monique C. Haak,Frans J.C.M. Klumper,Johanna M. Middeldorp,Jeanine M.M. Van Klink,Femke Slaghekke",https://mednexus.org/toc/mfm/03/01,https://mednexus.org/doi/pdf/10.1097/FM9.0000000000000065?download=true
10.1097/FM9.0000000000000076,"Complications of Monochorionic Diamniotic Twins: Stepwise Approach for Early Identification,
                     Differential Diagnosis, and Clinical Management","Talita Micheletti,Elisenda Eixarch,Mar Bennasar,Josep María Martinez,Eduard Gratacos",https://mednexus.org/toc/mfm/03/01,https://mednexus.org/doi/pdf/10.1097/FM9.0000000000000076?download=true
10.1097/FM9.0000000000000071,Human Coronavirus Infections and Pregnancy,"Shangrong Fan,Shaomei Yan,Xiaoping Liu,Ping Liu,Lei Huang,Suhua Wang",https://mednexus.org/toc/mfm/03/01,https://mednexus.org/doi/pdf/10.1097/FM9.0000000000000071?download=true
10.1097/FM9.0000000000000063,"Successful Deliveries of Twins from Two Pregnant Women Following Preterm Prelabor
                     Rupture of Membranes in the Early Second-Trimester Pregnancy",Dingxiang XingandJunnan Li,https://mednexus.org/toc/mfm/03/01,https://mednexus.org/doi/pdf/10.1097/FM9.0000000000000063?download=true
10.1097/FM9.0000000000000081,Intrauterine Blood Transfusion in an HCV and HIV Co-Infected Woman,"Jodie C. Charison,Carol E. Schneider,Vanessa Poliquin",https://mednexus.org/toc/mfm/03/01,https://mednexus.org/doi/pdf/10.1097/FM9.0000000000000081?download=true
10.1097/FM9.0000000000000083,"The Pregnancy Heart Team Approach for the Adult with Hypertrophic Cardiomyopathy and
                     Severe Left Ventricular Outflow Tract Obstruction","Sihong Huang,Bennett P. Samuel,Marcos Cordoba,Vivian C. Romero,Laurie Chalifoux,David R. Fermin,Stephen C. Cook",https://mednexus.org/toc/mfm/03/01,https://mednexus.org/doi/pdf/10.1097/FM9.0000000000000083?download=true
10.1097/FM9.0000000000000060,Construction of Maternal-Fetal Medicine Centers in the Netherlands,Dick OepkesandFemke Slaghekke,https://mednexus.org/toc/mfm/02/04,https://mednexus.org/doi/pdf/10.1097/FM9.0000000000000060?download=true
10.1097/FM9.0000000000000056,"Noninvasive Prenatal Testing for Fetal XXY Aneuploidies Among Pregnancies in Beijing
                     of China","Jia-Zhen Chang,Qing-Wei Qi,Xi-Ya Zhou,Yu-Lin Jiang,Na Hao,Jun-Tao Liu",https://mednexus.org/toc/mfm/02/04,https://mednexus.org/doi/pdf/10.1097/FM9.0000000000000056?download=true
10.1097/FM9.0000000000000062,"Incidence and Clinical Features of Fetal Growth Restriction in 4 451 Women with Hypertensive
                     Disorders of Pregnancy","Yu-Chun Zhu,Li Lin,Bo-Ya Li,Xiao-Tian Li,Dun-Jin Chen,Xian-Lan Zhao,Shi-Hong Cui,Hong-Juan Ding,Gui-Feng Ding,Hai-Xia Meng,Hong-Wei Wei,Xiao-Tong Sun,Hong Xin,Hui-Xia Yang",https://mednexus.org/toc/mfm/02/04,https://mednexus.org/doi/pdf/10.1097/FM9.0000000000000062?download=true
10.1097/FM9.0000000000000066,Low Expression of FGF23 and Its Effect on Rats with Intrauterine Growth Retardation,"Shun-Ping Gui,Heng Zou,Yi Bai,Min Liu,Tao Wang,Rong Zhou",https://mednexus.org/toc/mfm/02/04,https://mednexus.org/doi/pdf/10.1097/FM9.0000000000000066?download=true
10.1097/FM9.0000000000000061,Prenatal Testing or Screening?,Mark I. EvansandShara M. Evans,https://mednexus.org/toc/mfm/02/04,https://mednexus.org/doi/pdf/10.1097/FM9.0000000000000061?download=true
10.1097/FM9.0000000000000052,Diagnosis and Management of Intraamniotic Infection,"Shang-Rong Fan,Ping Liu,Shao-Mei Yan,Ji-Ying Peng,Xiao-Ping Liu",https://mednexus.org/toc/mfm/02/04,https://mednexus.org/doi/pdf/10.1097/FM9.0000000000000052?download=true
10.1097/FM9.0000000000000058,New Concept and Management for Sepsis in Pregnancy and the Puerperium,"Shang-Rong Fan,Ping Liu,Shao-Mei Yan,Lei Huang,Xiao-Ping Liu",https://mednexus.org/toc/mfm/02/04,https://mednexus.org/doi/pdf/10.1097/FM9.0000000000000058?download=true
10.1097/FM9.0000000000000067,"Tuberous Sclerosis Complex Secondary to the Presence of Fetal Cardiac Rhabdomyoma:
                     A Case Report and Literature Review","Hui-Fan Li,Dong Wang,Jun-Qi Li,Li Zhang,Xu Zhang,Hong-Bo Qi,Jun-Nan Li",https://mednexus.org/toc/mfm/02/04,https://mednexus.org/doi/pdf/10.1097/FM9.0000000000000067?download=true
10.1097/FM9.0000000000000064,Prenatal Diagnosis of Harlequin Ichthyosis: A Case Report,"Qiu-Ling Xia,Xing Wang,Shuai Huang,Jun-Nan Li",https://mednexus.org/toc/mfm/02/04,https://mednexus.org/doi/pdf/10.1097/FM9.0000000000000064?download=true
10.1097/FM9.0000000000000068,"Metastatic Breast Neuroendocrine Cancer in Pregnancy: A Case of an Oncologic Emergency
                     and a Review of Literature","Caterina De Luca,Valentina Tosto,Dominique A. Badr,Laura De Luca,Roberta Porreca,Gian Carlo Di Renzo",https://mednexus.org/toc/mfm/02/04,https://mednexus.org/doi/pdf/10.1097/FM9.0000000000000068?download=true
10.1097/FM9.0000000000000059,"Sixty-seven Hours After Cesarean Successfully Redo Prosthetic Mitral Valve Leaflet
                     Replacement at 29thGestational Week: A Case Report and Literature Review","Yu-Guang Wang,Bao-Dong Xie,Jing-Xia Sun",https://mednexus.org/toc/mfm/02/04,https://mednexus.org/doi/pdf/10.1097/FM9.0000000000000059?download=true
10.1097/FM9.0000000000000055,"A Brief Overview of a Round Table Discussion About Venous Thromboembolism in Pregnancy
                     During the First International Forum on Chinese Maternal-Fetal Medicine",Chen WangandHui-Xia Yang,https://mednexus.org/toc/mfm/02/03,https://mednexus.org/doi/pdf/10.1097/FM9.0000000000000055?download=true
10.1097/FM9.0000000000000044,"The Activation of Peroxisome Proliferator-activated Receptor γ Enhances Insulin Signaling
                     Pathways Via Up-regulating Chemerin Expression in High Glucose Treated HTR-8/SVneo
                     Cells","Xuan Zhou,Li-Jie Wei,Jia-Qi Li,Jing-Yi Zhang,Sheng-Lan Zhu,Hui-Ting Zhang,Jing Jia,Jun Yu,Shao-Shuai Wang,Ling Feng",https://mednexus.org/toc/mfm/02/03,https://mednexus.org/doi/pdf/10.1097/FM9.0000000000000044?download=true
10.1097/FM9.0000000000000039,Peripheral Blood Flow Intensity in Maternal Kidneys and Correlation with Blood Pressure,"Eva Johanne Leknes Jensen,Ellen Aagaard Nohr,Thomas Scholbach,Torbjørn Moe Eggebø",https://mednexus.org/toc/mfm/02/03,https://mednexus.org/doi/pdf/10.1097/FM9.0000000000000039?download=true
10.1097/FM9.0000000000000050,"A Potential Role for CXCR2 in Early-onset Preeclampsia: Placental CXCR2 Expression
                     is Related to Increased Blood Pressure and Serum LDH Levels","Yan-Ping Zhang,Xi-Jing Liu,Jin Jia,Tao Wang,Li Li,Rong Zhou",https://mednexus.org/toc/mfm/02/03,https://mednexus.org/doi/pdf/10.1097/FM9.0000000000000050?download=true
10.1097/FM9.0000000000000033,"Neurodevelopmental Outcome After Fetoscopic Laser Surgery for Twin-twin Transfusion
                     Syndrome: A Systematic Review of Follow-up Studies from the Last Decade","Patricia J.C. Knijnenburg,Enrico Lopriore,Dick Oepkes,Nienke Vreeken,Ratna N.G.B. Tan,Monique Rijken,Jeanine M.M. van Klink",https://mednexus.org/toc/mfm/02/03,https://mednexus.org/doi/pdf/10.1097/FM9.0000000000000033?download=true
10.1097/FM9.0000000000000054,"Preterm Birth, From the Biological Knowledges to the Prevention: An Overview","Valentina Tosto,Irene Giardina,Valentina Tsibizova,Gian Carlo Di Renzo",https://mednexus.org/toc/mfm/02/03,https://mednexus.org/doi/pdf/10.1097/FM9.0000000000000054?download=true
10.1097/FM9.0000000000000057,Does Sex Discordance on Antenatal Ultrasound Always Predict Dichorionicity?,"Kai Chen,David C Merrill,Guo-Yang Luo",https://mednexus.org/toc/mfm/02/03,https://mednexus.org/doi/pdf/10.1097/FM9.0000000000000057?download=true
10.1097/FM9.0000000000000045,Ultrasound Screening of Fetal Anomalies at 11-13+6Weeks,"Wen-Ping Ding,Nan Li,Min Chen",https://mednexus.org/toc/mfm/02/03,https://mednexus.org/doi/pdf/10.1097/FM9.0000000000000045?download=true
10.1097/FM9.0000000000000027,Puerperal Sepsis Caused byClostridium Innocuumin a Patient with Placenta Accreta and Literature Review,"Ping Liu,Shang-Rong Fan,Xiao-Ping Liu,Di-Rong Zhang,Yun Li,Nan Wei,Li-Ping Zeng,Ji-Ying Peng",https://mednexus.org/toc/mfm/02/03,https://mednexus.org/doi/pdf/10.1097/FM9.0000000000000027?download=true
10.1097/FM9.0000000000000053,Snakebite Envenomation During a Third Trimester of Pregnancy: A Case Report,"Martin Lankoandé,Norbert N.W. Djiguemde,Georges Mion,Souleymane Oubian,Mikael W. Zoundi,Papougnezambo Bonkoungou",https://mednexus.org/toc/mfm/02/03,https://mednexus.org/doi/pdf/10.1097/FM9.0000000000000053?download=true
10.1097/FM9.0000000000000049,Updates on COVID-19 Infection During Pregnancy,"Chen Wang,Dun-Jin Chen,Hui-Xia Yang",https://mednexus.org/toc/mfm/02/02,https://mednexus.org/doi/pdf/10.1097/FM9.0000000000000049?download=true
10.1097/FM9.0000000000000046,Challenges for Obstetricians and the Countermeasures of COVID-19 Epidemic,"Yin Zhao,Li Zou,Ming-Hui Dong,Xiao-Xia Liu,Ya-Lan Liu,Jian-Wen Zhu,Qing-Qing Luo,Hui Gao",https://mednexus.org/toc/mfm/02/02,https://mednexus.org/doi/pdf/10.1097/FM9.0000000000000046?download=true
10.1097/FM9.0000000000000048,"Intravenous Administration of Carbetocin Versus Oxytocin for Preventing Postpartum
                     Hemorrhage After Vaginal Delivery in High Risk Women: A Double-blind, Randomized Controlled
                     Trial","Hua Liu,Xiu-Yun Xu,Ning Gu,Xiao-Dong Ye,Zhi-Qun Wang,Ya-Li Hu,Yi-Min Dai",https://mednexus.org/toc/mfm/02/02,https://mednexus.org/doi/pdf/10.1097/FM9.0000000000000048?download=true
10.1097/FM9.0000000000000040,"The Relationship Between the Expression of Resistin and Apoptosis Factors in Placenta
                     and the Pathogenesis of Gestational Diabetes Mellitus","Jun Yu,Xiao-Ling Su,Jing Jia,Yu Zeng,Jing-Yi Zhang,Shao-Shuai Wang,Ling Feng",https://mednexus.org/toc/mfm/02/02,https://mednexus.org/doi/pdf/10.1097/FM9.0000000000000040?download=true
10.1097/FM9.0000000000000028,"Positive Rate of Noninvasive Prenatal Screening for Pregnancies with Fetal Congenital
                     Heart Disease and Its Impact on Pregnancy Outcome","Yun Chen,Yun-Li Lai,Yi-Ping Shen,Xiao-Xian Tian,Chen-Guang Zheng,Hong-Wei Wei",https://mednexus.org/toc/mfm/02/02,https://mednexus.org/doi/pdf/10.1097/FM9.0000000000000028?download=true
10.1097/FM9.0000000000000042,Risk Assessment and Prevention of Spontaneous Preterm Birth,Chao Li,https://mednexus.org/toc/mfm/02/02,https://mednexus.org/doi/pdf/10.1097/FM9.0000000000000042?download=true
10.1097/FM9.0000000000000043,"Cervical Assessment by Transvaginal Ultrasound for Predicting Preterm Birth in Asymptomatic
                     Women",Jie Li,https://mednexus.org/toc/mfm/02/02,https://mednexus.org/doi/pdf/10.1097/FM9.0000000000000043?download=true
10.1097/FM9.0000000000000041,Prevention of Perinatal Group B Streptococcus Infections,"Shang-Rong Fan,Umber Tasneem,Xiao-Ping Liu,Shao-Mei Yan",https://mednexus.org/toc/mfm/02/02,https://mednexus.org/doi/pdf/10.1097/FM9.0000000000000041?download=true
10.1097/FM9.0000000000000047,"Application of the Modified Early Obstetric Warning System in Three Patients with
                     Obstetric Sepsis Through a Telemedicine System","María Fernanda Escobar-Vidarte,Juan Pablo Suso,María Paula Echavarría,María Antonia Hincapié,Daniela Nasner,Javier Andrés Carvajal",https://mednexus.org/toc/mfm/02/02,https://mednexus.org/doi/pdf/10.1097/FM9.0000000000000047?download=true
10.1097/FM9.0000000000000022,Prenatal Diagnosis of Congenital Hepatoblastoma,"Jia-Yan Wang,Qi-Zhen Zheng,Ding-Ya Cao,Yi-Nong Xie,Ting Song,Qing-Ping Jiang,Min Chen",https://mednexus.org/toc/mfm/02/02,https://mednexus.org/doi/pdf/10.1097/FM9.0000000000000022?download=true
10.1097/FM9.0000000000000031,Dubin-Johnson Syndrome in Pregnancy: Case Report and Literature Review,"Jie Ruan,Mei-Fan Duan,Dong Liu,Qiang Wei",https://mednexus.org/toc/mfm/02/02,https://mednexus.org/doi/pdf/10.1097/FM9.0000000000000031?download=true
10.1097/FM9.0000000000000038,A New Year’s Message,Guo-Yang LuoandHui-Xia Yang,https://mednexus.org/toc/mfm/02/01,https://mednexus.org/doi/pdf/10.1097/FM9.0000000000000038?download=true
10.1097/FM9.0000000000000037,"Sex Hormone-binding Globulin, Cardiometabolic Biomarkers, and Gestational Diabetes:
                     A Longitudinal Study and Meta-analysis","Meng-Ying Li,Shristi Rawal,Stefanie N. Hinkle,Ye-Yi Zhu,Fasil Tekola-Ayele,Michael Y. Tsai,Si-Min Liu,Cui-Lin Zhang",https://mednexus.org/toc/mfm/02/01,https://mednexus.org/doi/pdf/10.1097/FM9.0000000000000037?download=true
10.1097/FM9.0000000000000036,Metformin in Pregnancy with Diabetes—Opinions from Several Latest Guidelines,Ye FengandHui-Xia Yang,https://mednexus.org/toc/mfm/02/01,https://mednexus.org/doi/pdf/10.1097/FM9.0000000000000036?download=true
10.1097/FM9.0000000000000030,"Genetic Variants of Potassium Voltage-gated Channel Subfamily J Member 11 in Gestational
                     Diabetes Mellitus: A Case-control Study","Li-Jie Wei,Xuan Zhou,Sheng-Lan Zhu,Jia-Qi Li,Yu Zeng,Jun Yu,Shao-Shuai Wang,Ling Feng",https://mednexus.org/toc/mfm/02/01,https://mednexus.org/doi/pdf/10.1097/FM9.0000000000000030?download=true
10.1097/FM9.0000000000000026,"Application of Modified Cesarean Hysterectomy for Patients with Placenta Previa Complicated
                     with Placenta Percreta","Yin Zhao,Li Zou,Hui Gao,Di Wu,Jian-Wen Zhu,Xiao-Xia Liu,Wen Zhang,Li-Bo Luo",https://mednexus.org/toc/mfm/02/01,https://mednexus.org/doi/pdf/10.1097/FM9.0000000000000026?download=true
10.1097/FM9.0000000000000032,"Diagnostic Value of Magnetic Resonance Imaging in Fetal Lateral Ventriculomegaly and
                     the Relationship Between the Degree of Isolated Lateral Ventriculomegaly and Neonatal
                     Prognosis","Xiao-Min Zhao,Xing Li,Wen Li,Shan-Shan Li,Ying Chang",https://mednexus.org/toc/mfm/02/01,https://mednexus.org/doi/pdf/10.1097/FM9.0000000000000032?download=true
10.1097/FM9.0000000000000034,"Prior Preterm Birth and Birthweight Below the 5thPercentile are Independent Risk Factors for Recurrence of a Small for Gestational
                     Age Neonate","Mor Svorai,Barak Aricha,Offer Erez",https://mednexus.org/toc/mfm/02/01,https://mednexus.org/doi/pdf/10.1097/FM9.0000000000000034?download=true
10.1097/FM9.0000000000000035,"Current Practice and Protocols: Endoscopic Laser Therapy for Twin-Twin Transfusion
                     Syndrome","Viral M. Pandya,Julien Stirnemann,Claire Colmant,Yves Ville",https://mednexus.org/toc/mfm/02/01,https://mednexus.org/doi/pdf/10.1097/FM9.0000000000000035?download=true
10.1097/FM9.0000000000000029,Maternal-Fetal Medicine in China,Thomas Q. ZhengandHui-Xia Yang,https://mednexus.org/toc/mfm/02/01,https://mednexus.org/doi/pdf/10.1097/FM9.0000000000000029?download=true
10.1097/FM9.0000000000000025,"Cesarean Scar Pregnancy with Iniencephaly and Progression to Placenta Accreta Due
                     to Early Management Rejection","Albaro José Nieto-Calvache,María Camila López-Girón,Jaime López-Tenorio,Juan Carlos Quintero-Mejía,María Andrea Zambrano-Regalado,Harry Pachajoa-Londoño,María Fernanda Escobar-Vidarte",https://mednexus.org/toc/mfm/02/01,https://mednexus.org/doi/pdf/10.1097/FM9.0000000000000025?download=true
10.1097/FM9.0000000000000014,Preconception Care-East Meets West,Jon BarrettandQiong-Jie Zhou,https://mednexus.org/toc/mfm/01/02,https://mednexus.org/doi/pdf/10.1097/FM9.0000000000000014?download=true
10.1097/FM9.0000000000000020,"How to Reduce the Incidence of Placenta Accreta Spectrum Independently of the Number
                     of Cesarean?",José M. Palacios-Jaraquemada,https://mednexus.org/toc/mfm/01/02,https://mednexus.org/doi/pdf/10.1097/FM9.0000000000000020?download=true
10.1097/FM9.0000000000000017,The Management of Placenta Accrete Spectrum-Burning Questions to Be Solved,Jing-Mei MaandHui-Xia Yang,https://mednexus.org/toc/mfm/01/02,https://mednexus.org/doi/pdf/10.1097/FM9.0000000000000017?download=true
10.1097/FM9.0000000000000021,"A Cohort Analysis of Patients with Stage I Twin-to-Twin Transfusion Syndrome from
                     a Major Referral Hospital in Northern China","Jing Yang,Peng-Bo Yuan,Yuan Wei,Hong-Tian Li,Xue-Ju Wang,Lu-Yao Li,Yuan-Hui Jiang,Jing Wang,Xiao-Li Gong,Yang-Yu Zhao",https://mednexus.org/toc/mfm/01/02,https://mednexus.org/doi/pdf/10.1097/FM9.0000000000000021?download=true
10.1097/FM9.0000000000000016,"Maternal Thyroid-Stimulating Hormone Level and Thyroid Peroxidase Antibody Status
                     in the First and Second Trimester of Pregnancy and Their Relationship with the Risk
                     of Gestational Diabetes Mellitus","Song-Qing Deng,Hai-Tian Chen,Dong-Yu Wang,Bin Liu,Han-Qing Chen,Zi-Lian Wang",https://mednexus.org/toc/mfm/01/02,https://mednexus.org/doi/pdf/10.1097/FM9.0000000000000016?download=true
10.1097/FM9.0000000000000013,Role of Ultrasonography in Pregnancies Complicated by Gestational Diabetes: A Review,Sara S. Hamze SinnoandAnwar H. Nassar,https://mednexus.org/toc/mfm/01/02,https://mednexus.org/doi/pdf/10.1097/FM9.0000000000000013?download=true
10.1097/FM9.0000000000000019,Updates in Long-term Maternal and Fetal Adverse Effects of Gestational Diabetes Mellitus,"Chong Shou,Yu-Mei Wei,Chen Wang,Hui-Xia Yang",https://mednexus.org/toc/mfm/01/02,https://mednexus.org/doi/pdf/10.1097/FM9.0000000000000019?download=true
10.1097/FM9.0000000000000018,Elimination of Mother-to-child Transmission of Syphilis: Challenge and Solution,"Shang-Rong Fan,Ai-Ling Wang,Lin-Hong Wang",https://mednexus.org/toc/mfm/01/02,https://mednexus.org/doi/pdf/10.1097/FM9.0000000000000018?download=true
10.1097/FM9.0000000000000023,"Frontier Progress in the Establishment of Trophoblast Stem Cell and the Identification
                     of New Cell Subtypes at the Maternal-Fetal Interface","Xiao-Bo Zhou,Chan Zhou,Yang Sun,Dong Liu,Shuang-Bo Kong,Jin-Hua Lu,Hong-Bo Qi,Hai-Bin Wang",https://mednexus.org/toc/mfm/01/02,https://mednexus.org/doi/pdf/10.1097/FM9.0000000000000023?download=true
10.1097/FM9.0000000000000024,"Elastogram: Physics, Clinical Applications, and Risks","Jing Lu,Min Chen,Qiong-Hua Chen,Qin Wu,Jin-Na Jiang,Tak-Yeung Leung",https://mednexus.org/toc/mfm/01/02,https://mednexus.org/doi/pdf/10.1097/FM9.0000000000000024?download=true
10.1097/FM9.0000000000000011,"A New Journal, A New Platform",Hui-Xia YangandGuo-Yang Luo,https://mednexus.org/toc/mfm/01/01,https://mednexus.org/doi/pdf/10.1097/FM9.0000000000000011?download=true
10.1097/FM9.0000000000000009,Implementation of Maternal Blood Cell Free DNA Testing in Early Screening for Aneuploidies,María del Mar GilandKypros H. Nicolaides,https://mednexus.org/toc/mfm/01/01,https://mednexus.org/doi/pdf/10.1097/FM9.0000000000000009?download=true
10.1097/FM9.0000000000000001,Ultrasound Is an Important Diagnostic Tool in Active Labor,Torbjørn Moe Eggebø,https://mednexus.org/toc/mfm/01/01,https://mednexus.org/doi/pdf/10.1097/FM9.0000000000000001?download=true
10.1097/FM9.0000000000000002,The Usefulness of Zhukovsky Double Balloon in Obstetric Hemorrhage,"Sergey V. Barinov,Irina V. Medyannikova,Anna V. Borisova,Yulia I. Tyrskaya,Irina V. Savelieva,Inna V. Shamina,Oksana V. Lazareva,Tatyana V. Kadtsyna",https://mednexus.org/toc/mfm/01/01,https://mednexus.org/doi/pdf/10.1097/FM9.0000000000000002?download=true
10.1097/FM9.0000000000000004,Precision Surgery for Placenta Previa Complicated with Placenta Percreta,"Juan-Juan Chen,Lin Yu,Chun-Hong Su,Chun-Fang Zhang,Yan-Hong Chen,Yan-Mei Zhou,Wen-Jun He,Fang He,Ting Song,Shou-Ping Wang,Zhi-Yuan Su,Qing-Ping Jiang,Zi-Hao Zou,Bin Yu,Xiao-Ya Shen,Xiao-Ming Guan,Dun-Jin Chen",https://mednexus.org/toc/mfm/01/01,https://mednexus.org/doi/pdf/10.1097/FM9.0000000000000004?download=true
10.1097/FM9.0000000000000005,Screening and Prevention of Preeclampsia,Liona C. PoonandDaljit Sahota,https://mednexus.org/toc/mfm/01/01,https://mednexus.org/doi/pdf/10.1097/FM9.0000000000000005?download=true
10.1097/FM9.0000000000000008,"Diagnosis of Gestational Diabetes Mellitus in China: Perspective, Progress and Prospects","Juan Juan,Hui-Xia Yang,Ri-Na Su,Anil Kapur",https://mednexus.org/toc/mfm/01/01,https://mednexus.org/doi/pdf/10.1097/FM9.0000000000000008?download=true
10.1097/FM9.0000000000000007,"Antiphospholipid Antibody Syndrome: Pathogenesis, Diagnosis, and Management in Pregnancy","Raminder Kaur Khangura,Shontreal Cooper,Guo-Yang Luo",https://mednexus.org/toc/mfm/01/01,https://mednexus.org/doi/pdf/10.1097/FM9.0000000000000007?download=true
10.1097/FM9.0000000000000012,"Issues Meriting Further Study in Preventing Mother-to-Infant Transmission of Hepatitis
                     B by Antiviral Therapy During Pregnancy",Yi-Hua Zhou,https://mednexus.org/toc/mfm/01/01,https://mednexus.org/doi/pdf/10.1097/FM9.0000000000000012?download=true
10.1097/FM9.0000000000000003,"Evidence-Based Cesarean Section for Universal Use in China: The ""Stark (Misgav Ladach)
                     Method""",Michael Stark,https://mednexus.org/toc/mfm/01/01,https://mednexus.org/doi/pdf/10.1097/FM9.0000000000000003?download=true
10.1097/FM9.0000000000000010,"Catastrophic Antiphospholipid Antibody Syndrome: Clinical Presentation, Management,
                     and Guidance for Future Pregnancy","Raminder Kaur Khangura,Alexandra Loza DO,Shontreal Cooper,Guo-Yang Luo",https://mednexus.org/toc/mfm/01/01,https://mednexus.org/doi/pdf/10.1097/FM9.0000000000000010?download=true
10.1097/FM9.0000000000000006,Instructions For Authors,无作者,https://mednexus.org/toc/mfm/01/01,https://mednexus.org/doi/pdf/10.1097/FM9.0000000000000006?download=true
